Experiment,Cellname,Library,Anchor,Tissue,Conc,y_trueIC,y_trueEmax,y_predIC,y_predEmax
75080,SIDM00630,Lapatinib,Pictilisib,Breast,0.125,0.7345695,0.005857342,2.2799981493093253,0.007444356961578394
50112,SIDM00193,Sapitinib,SCH772984,Large Intestine,0.5,0.4956624,0.041554376,-0.4964959659055069,0.007444356961578394
18106,SIDM00453,Taselisib,AZD7762,Pancreas,0.25,-1.5912299,-0.097099565,0.958536541316653,0.007444356961578394
79686,SIDM00630,Nutlin-3a (-),Palbociclib,Breast,4.0,1.123353,0.07525781,0.5848972500858619,0.007444356961578394
15679,SIDM00505,Dasatinib,Crizotinib,Pancreas,1.0,1.4925742,0.030076977,-1.1289262968776255,0.007444356961578394
34489,SIDM00940,Trametinib,Taselisib,Breast,1.0,0.6844213,0.06580433,0.6738063307127032,0.007444356961578394
22539,SIDM00872,GSK269962A,Docetaxel,Breast,0.001,-0.37976792,-0.021661747,-0.7928413269352456,0.007444356961578394
22944,SIDM00097,SB216763,Olaparib,Breast,10.0,-1.0860363,-0.0356959,0.5787374754505693,0.007444356961578394
24417,SIDM01137,Sorafenib,5-Fluorouracil,Pancreas,10.0,1.1843786,0.07495283,0.28844235656879985,0.007444356961578394
22872,SIDM00628,Crizotinib,Axitinib,Breast,4.0,-1.4606173,-0.11680521,-0.3988290891936877,0.007444356961578394
18294,SIDM00146,PF-4708671,MK-1775,Breast,0.625,-1.5394604,-0.112574026,0.9904314790723455,0.007444356961578394
18042,SIDM00933,Paclitaxel,Cisplatin,Breast,4.0,-4.317256,-0.1682349,1.196597603903182,0.007444356961578394
2375,SIDM00453,Palbociclib,Oxaliplatin,Pancreas,2.5,1.6832993,0.13957362,2.4180787313443366,0.007444356961578394
65434,SIDM00660,Palbociclib,Linsitinib,Large Intestine,1.0,-2.301715,-0.09717432,-0.23413716948325286,0.007444356961578394
50267,SIDM00933,AZD6482,Navitoclax,Breast,0.625,0.7984944,0.07222447,0.597687780664391,0.007444356961578394
8473,SIDM00135,Nutlin-3a (-),Palbociclib,Breast,4.0,-0.4373101,-0.053346954,-0.17169048233730863,0.007444356961578394
62131,SIDM00835,Taselisib,Linsitinib,Large Intestine,1.0,1.1470832,0.028134624,0.3571115366342663,0.007444356961578394
86,SIDM00899,Linsitinib,Navitoclax,Pancreas,4.0,-2.214116,-0.16454884,-0.8435523930195673,0.007444356961578394
24191,SIDM00834,Vinorelbine,AZD7762,Large Intestine,0.25,-0.658433,-0.052488387,-0.9564606379626499,0.007444356961578394
10598,SIDM00583,Olaparib,Gemcitabine,Pancreas,0.1,-2.2656915,-0.092434086,0.9635908296176972,0.007444356961578394
68564,SIDM00629,Temozolomide,Bortezomib,Breast,0.000625,1.6853939,0.11407956,-0.6352480517288794,0.007444356961578394
56215,SIDM00957,Sapitinib,SCH772984,Large Intestine,0.05,-0.7210473,-0.08530935,0.5310952244676453,0.007444356961578394
59948,SIDM00866,Venetoclax,Crizotinib,Breast,0.625,-1.8716468,-0.08676019,0.3183069062032964,0.007444356961578394
67238,SIDM00826,SB216763,Palbociclib,Large Intestine,4.0,2.6311264,0.2330087,0.8949634778368267,0.007444356961578394
79819,SIDM00885,Temozolomide,MK-1775,Breast,0.625,-2.4148686,-0.22357981,-0.11602597005695872,0.007444356961578394
3590,SIDM00528,KU-55933,Pictilisib,Breast,0.125,-0.36215773,-0.038911276,0.27196287878611064,0.007444356961578394
29926,SIDM00944,Olaparib,Dabrafenib,Large Intestine,10.0,-1.0679765,-0.034674097,1.8300984569445728,0.007444356961578394
58838,SIDM00681,5-Fluorouracil,Crizotinib,Large Intestine,0.625,-1.6299075,-0.1925341,0.3214726474516423,0.007444356961578394
9946,SIDM00882,Trametinib,Lapatinib,Breast,0.625,2.9194853,0.29101646,1.5772682325434466,0.007444356961578394
9341,SIDM00837,Dabrafenib,Afatinib,Large Intestine,1.0,-2.7133138,-0.09616082,0.41697370878936474,0.007444356961578394
53184,SIDM00193,Vinorelbine,SB505124,Large Intestine,2.5,-1.9454175,-0.10271436,-0.6181249809329045,0.007444356961578394
28812,SIDM01037,Taselisib,Linsitinib,Breast,10.0,2.4985013,0.19937177,0.864145008995563,0.007444356961578394
35848,SIDM00533,Olaparib,Linsitinib,Pancreas,2.5,-2.9194496,-0.11456085,-1.1422794652249442,0.007444356961578394
12418,SIDM00193,Linsitinib,Crizotinib,Large Intestine,2.5,-1.6628128,-0.12553185,0.12924436364688693,0.007444356961578394
61270,SIDM00272,JQ1,Axitinib,Breast,4.0,-0.60623634,-0.015297041,-1.2676817913096452,0.007444356961578394
63476,SIDM00537,Taselisib,MK-1775,Large Intestine,1.0,1.9221423,0.070729874,0.9887404636120969,0.007444356961578394
61548,SIDM00629,Nilotinib,OSI-027,Breast,1.0,1.072378,0.030664649,-0.06365153933045896,0.007444356961578394
55147,SIDM00940,Luminespib,Sapitinib,Breast,2.0,-0.8721862,-0.023210505,-0.17350478050713564,0.007444356961578394
9848,SIDM00498,SB505124,Taselisib,Large Intestine,1.0,-0.7299058,-0.06289942,-0.18548867726490098,0.007444356961578394
17268,SIDM00359,Camptothecin,Vinorelbine,Large Intestine,0.01,-0.3371005,-0.055169348,-0.4707261205653322,0.007444356961578394
57349,SIDM00629,AZD6482,OSI-027,Breast,0.25,-0.24285631,-0.0071002585,-0.8555669153935825,0.007444356961578394
33852,SIDM01001,Bortezomib,OSI-027,Breast,1.0,-0.021578696,-0.00197865,1.3452329395515592,0.007444356961578394
21322,SIDM00675,Axitinib,Crizotinib,Breast,2.5,-0.6715668,-0.057722658,-0.0733488279969287,0.007444356961578394
71285,SIDM00571,Dactolisib,Dasatinib,Pancreas,0.05,2.2063303,0.1567665,0.08135846089508976,0.007444356961578394
21353,SIDM00954,Gemcitabine,Pictilisib,Breast,0.5,-0.15411147,-0.014596316,-0.4705207183797598,0.007444356961578394
41450,SIDM01135,Navitoclax,Oxaliplatin,Pancreas,2.5,-2.0191216,-0.04154241,0.7373113786910186,0.007444356961578394
70233,SIDM00132,Taselisib,Irinotecan,Pancreas,0.5,1.60895,0.18449217,-0.12340913457447837,0.007444356961578394
42397,SIDM00629,5-Fluorouracil,MK-2206,Breast,1.0,-1.5726383,-0.07055214,0.5807918264487227,0.007444356961578394
57445,SIDM00122,Docetaxel,Axitinib,Breast,4.0,3.1015697,0.15192321,0.381265373530116,0.007444356961578394
15128,SIDM00528,Gemcitabine,Palbociclib,Breast,4.0,2.2160478,0.1840813,0.5435069949305283,0.007444356961578394
35395,SIDM00118,Nutlin-3a (-),SB505124,Large Intestine,2.5,2.7595081,0.24794693,1.960917030153115,0.007444356961578394
6499,SIDM00118,Crizotinib,5-Fluorouracil,Large Intestine,10.0,0.6686009,0.018819632,-0.11520936994461214,0.007444356961578394
25794,SIDM00884,MK-1775,Pictilisib,Breast,0.125,0.28098437,0.032785777,1.0499350958798201,0.007444356961578394
40644,SIDM00301,Cisplatin,Dactolisib,Pancreas,0.05,5.500993,0.1631245,1.4517141886052245,0.007444356961578394
66551,SIDM00537,Olaparib,Navitoclax,Large Intestine,1.0,-1.8293248,-0.06948423,0.13474794948595983,0.007444356961578394
52235,SIDM00940,Uprosertib,AZD7762,Breast,0.25,-4.958972,-0.09294727,-1.1628134304935431,0.007444356961578394
63674,SIDM00841,MK-2206,Dabrafenib,Large Intestine,10.0,-2.6536376,-0.14915666,-0.12028569118922931,0.007444356961578394
80365,SIDM00533,Linsitinib,Taselisib,Pancreas,0.5,1.8938619,0.15944892,1.220973205901465,0.007444356961578394
19555,SIDM00118,MK-2206,Vinorelbine,Large Intestine,0.01,-4.5685096,-0.2764731,-1.709486968664669,0.007444356961578394
56087,SIDM00049,AZD8055,Palbociclib,Large Intestine,4.0,0.8807762,0.061655145,-0.20062314381576943,0.007444356961578394
3549,SIDM00934,Irinotecan,Erlotinib,Pancreas,2.5,-1.537585,-0.12334541,-0.690418186956058,0.007444356961578394
2422,SIDM00537,Vinorelbine,Linsitinib,Large Intestine,1.0,0.8807701,0.06842829,-1.1012266918280673,0.007444356961578394
14101,SIDM01056,JQ1,Luminespib,Breast,0.01,2.2325501,0.04790442,0.48410534938014355,0.007444356961578394
21227,SIDM00778,Dabrafenib,Afatinib,Large Intestine,0.25,-1.4425501,-0.03813962,-0.09428189042091409,0.007444356961578394
78409,SIDM00630,Ribociclib,Nutlin-3a (-),Breast,10.0,-0.18514542,-0.014301531,-0.3112293178403456,0.007444356961578394
35896,SIDM01042,Gemcitabine,Crizotinib,Breast,0.625,0.5098101,0.033223975,1.3866050073519824,0.007444356961578394
20766,SIDM00841,Sapitinib,MK-2206,Large Intestine,1.0,-1.7129803,-0.02787796,-1.1799413573044775,0.007444356961578394
76686,SIDM00571,Crizotinib,Taselisib,Pancreas,2.0,-0.271039,-0.0067328163,0.2815612271591678,0.007444356961578394
5291,SIDM00950,Crizotinib,Paclitaxel,Pancreas,0.025,0.7324901,0.06374249,0.030981166330663026,0.007444356961578394
59661,SIDM00675,AZD8055,Nutlin-3a (-),Breast,2.5,1.3160148,0.1161298,0.36450552864776997,0.007444356961578394
21013,SIDM00660,Trametinib,BMS-754807,Large Intestine,0.5,2.906106,0.05044589,0.4730411805622538,0.007444356961578394
62812,SIDM00537,SB505124,SCH772984,Large Intestine,0.5,-0.6764139,-0.017889889,-0.37025871839998437,0.007444356961578394
19238,SIDM00529,Afatinib,Cisplatin,Breast,1.0,-1.9079496,-0.08752743,-0.9699167960967356,0.007444356961578394
78401,SIDM00885,Bortezomib,Sapitinib,Breast,0.5,1.2812519,0.005250749,-0.14696025856566355,0.007444356961578394
42037,SIDM01042,Gemcitabine,MK-2206,Breast,0.25,2.1279228,0.19173431,-0.07820096378493313,0.007444356961578394
40140,SIDM00135,SB216763,PD173074,Breast,10.0,-0.4067742,-0.041467782,0.30064982224153586,0.007444356961578394
71057,SIDM00146,Nilotinib,Crizotinib,Breast,2.5,2.9835641,0.2146962,-0.4506282169027282,0.007444356961578394
64666,SIDM00097,BI-2536,OSI-027,Breast,0.25,-1.3661774,-0.051899377,-0.7798068079733248,0.007444356961578394
76176,SIDM00826,Oxaliplatin,Taselisib,Large Intestine,1.0,0.64865786,0.02303947,-0.3313396317781062,0.007444356961578394
1413,SIDM00934,Palbociclib,AZD7762,Pancreas,0.25,-0.46540785,-0.013521963,-2.3393083947240907,0.007444356961578394
2225,SIDM00789,Palbociclib,Crizotinib,Large Intestine,2.5,-0.47593805,-0.05587299,-1.066331962727398,0.007444356961578394
13323,SIDM00135,Linsitinib,Sapitinib,Breast,2.0,1.1753759,0.047884595,-0.15134795988550157,0.007444356961578394
25049,SIDM00332,Docetaxel,Lapatinib,Breast,0.625,-0.7601215,-0.045957044,-0.19749442171221407,0.007444356961578394
59339,SIDM01186,MK-2206,MK-1775,Breast,2.5,-1.2622997,-0.062986426,-0.7412075265065935,0.007444356961578394
4030,SIDM00583,Irinotecan,Linsitinib,Pancreas,10.0,-0.5579535,-0.023917131,0.9923079909602489,0.007444356961578394
75985,SIDM00628,NU7441,Pictilisib,Breast,0.5,-0.36760318,-0.019376354,-0.3836427684054698,0.007444356961578394
75287,SIDM00132,OSI-027,Paclitaxel,Pancreas,0.025,1.7655772,0.08330603,-0.3477210096153783,0.007444356961578394
12541,SIDM00528,Sorafenib,Docetaxel,Breast,0.00025,0.8408386,0.07298311,0.5314369214503388,0.007444356961578394
31274,SIDM00885,Trametinib,5-Fluorouracil,Breast,10.0,0.35972354,0.008634871,0.9798847740913871,0.007444356961578394
31987,SIDM00272,AZD6482,Taselisib,Breast,1.0,-1.2511117,-0.11855774,0.12087677811738687,0.007444356961578394
64806,SIDM00680,SB216763,LGK974,Large Intestine,2.5,-0.8377226,-0.032720935,-0.07582028828999686,0.007444356961578394
74932,SIDM00776,Sapitinib,Olaparib,Large Intestine,10.0,-0.58556664,-0.059162527,0.12199706508514054,0.007444356961578394
48266,SIDM00882,Entinostat,Cisplatin,Breast,4.0,-0.1685441,-0.01687445,-0.7221957128833231,0.007444356961578394
813,SIDM00920,OSI-027,5-Fluorouracil,Breast,10.0,-2.107021,-0.0635361,-0.7938004892030953,0.007444356961578394
80455,SIDM00583,Cisplatin,Gemcitabine,Pancreas,0.01,-1.2209603,-0.032612946,-0.9005036688370271,0.007444356961578394
65732,SIDM00681,Trametinib,SB216763,Large Intestine,10.0,2.3284543,0.039604202,2.0604655847452915,0.007444356961578394
30554,SIDM00874,Taselisib,Linsitinib,Breast,2.5,-1.3683153,-0.099347144,0.28797348882183993,0.007444356961578394
77179,SIDM00677,Linsitinib,Vinorelbine,Large Intestine,0.01,2.3687756,0.06375789,-0.16550619249204876,0.007444356961578394
21104,SIDM01001,AZD8055,Docetaxel,Breast,0.00025,1.0238,0.06131542,-0.07462730707401692,0.007444356961578394
28434,SIDM01042,Camptothecin,5-Fluorouracil,Breast,2.5,0.6331574,0.032138813,-0.37924662923653124,0.007444356961578394
37948,SIDM00529,Lapatinib,Gemcitabine,Breast,0.1,2.2318733,0.20727901,0.7341316397294165,0.007444356961578394
46704,SIDM00874,Vorinostat,Axitinib,Breast,1.0,-1.6485565,-0.06289521,-0.5725577123201424,0.007444356961578394
58737,SIDM00469,Olaparib,Ruxolitinib,Pancreas,10.0,2.3266783,0.03863429,-0.37338868437153877,0.007444356961578394
34068,SIDM00681,Afatinib,5-Fluorouracil,Large Intestine,2.5,-6.0399284,-0.06227132,-1.2100808477012839,0.007444356961578394
32990,SIDM01139,Dasatinib,5-Fluorouracil,Pancreas,10.0,-0.33388627,-0.026948214,-0.37460557361653374,0.007444356961578394
14274,SIDM01090,Sapitinib,MK-1775,Large Intestine,1.0,0.97443634,0.04497849,0.5162845063223668,0.007444356961578394
53502,SIDM01001,Alpelisib,Pictilisib,Breast,0.125,1.1000452,0.035784166,0.3630228743789733,0.007444356961578394
30730,SIDM00498,Trametinib,Taselisib,Large Intestine,1.0,-0.99360096,-0.07526895,-0.47760578624299377,0.007444356961578394
9563,SIDM00884,NU7441,5-Fluorouracil,Breast,10.0,0.5575273,0.05686903,-0.4612670841093119,0.007444356961578394
21764,SIDM00833,Vinorelbine,SCH772984,Large Intestine,0.5,-0.41480273,-0.02492337,-0.8836702026670501,0.007444356961578394
22791,SIDM01042,AZD7762,MK-1775,Breast,0.625,-2.5160275,-0.09610287,-0.8017473054113382,0.007444356961578394
72248,SIDM01233,Sapitinib,Linsitinib,Large Intestine,10.0,0.2989419,0.025862722,-0.23566789436970045,0.007444356961578394
36734,SIDM00453,Irinotecan,Gemcitabine,Pancreas,0.01,1.3617461,0.110595524,-0.1973384694238391,0.007444356961578394
60950,SIDM00122,OSI-027,Cisplatin,Breast,4.0,-2.411066,-0.06353838,0.3054770438353669,0.007444356961578394
60617,SIDM00487,Afatinib,SCH772984,Large Intestine,0.05,4.7081585,0.18399458,1.5599857967728459,0.007444356961578394
13074,SIDM00950,MK-1775,Navitoclax,Pancreas,4.0,0.55548906,0.058169477,-0.9198784718754784,0.007444356961578394
15829,SIDM00411,Lapatinib,Galunisertib,Pancreas,2.5,1.431724,0.0660476,0.33417118378792665,0.007444356961578394
30899,SIDM00130,Galunisertib,Navitoclax,Pancreas,1.0,-1.8409051,-0.066482045,-0.5386993269632407,0.007444356961578394
41531,SIDM00529,Venetoclax,Gemcitabine,Breast,0.01,-0.98211855,-0.034557644,0.8620540329948732,0.007444356961578394
79541,SIDM00950,Palbociclib,Dasatinib,Pancreas,0.5,0.5912414,0.011349034,-0.29816929470635584,0.007444356961578394
28186,SIDM00136,Vinorelbine,Trametinib,Large Intestine,0.1,-0.512854,-0.04646987,-0.13959839578070646,0.007444356961578394
57005,SIDM00301,Paclitaxel,Olaparib,Pancreas,10.0,0.3922346,0.022038734,0.6830292682429426,0.007444356961578394
54960,SIDM00097,AZD7762,Axitinib,Breast,1.0,-0.5468255,-0.022048213,0.0874139070889124,0.007444356961578394
25735,SIDM00533,Olaparib,Erlotinib,Pancreas,2.5,-0.8926375,-0.019748434,-0.4894981426852172,0.007444356961578394
73298,SIDM00314,Ribociclib,Sapitinib,Breast,2.0,-2.8382237,-0.08258048,0.027452326185801578,0.007444356961578394
36482,SIDM00193,Taselisib,Navitoclax,Large Intestine,1.0,0.7576479,0.047972355,-0.5357185171618608,0.007444356961578394
50045,SIDM00882,MK-2206,Nutlin-3a (-),Breast,2.5,-0.76579964,-0.065758795,0.10383281183664798,0.007444356961578394
67614,SIDM00132,Paclitaxel,Galunisertib,Pancreas,10.0,-3.3736887,-0.19317251,-0.5427516644397734,0.007444356961578394
75153,SIDM01165,Lapatinib,Erlotinib,Pancreas,10.0,-2.9694624,-0.10509597,-0.9432096041829227,0.007444356961578394
18064,SIDM00866,RO-3306,Pictilisib,Breast,0.125,-2.738155,-0.17654082,0.2587759150066879,0.007444356961578394
77946,SIDM00537,Crizotinib,AZD8055,Large Intestine,0.5,-1.991848,-0.09892753,-1.4199093665432012,0.007444356961578394
3424,SIDM00934,Gemcitabine,Ruxolitinib,Pancreas,10.0,-1.5028659,-0.08664848,-0.4190450304088785,0.007444356961578394
47411,SIDM00920,Doramapimod,Crizotinib,Breast,0.625,-0.6630312,-0.07150564,-1.1402062944138147,0.007444356961578394
36456,SIDM00629,Paclitaxel,Axitinib,Breast,4.0,2.559185,0.07391207,1.3736158637757618,0.007444356961578394
23052,SIDM01001,Afatinib,Docetaxel,Breast,0.001,-0.5849088,-0.0383971,-0.9355116036030042,0.007444356961578394
27059,SIDM00529,AZD7762,Taselisib,Breast,1.0,0.64824146,0.03751529,-1.1536227797194738,0.007444356961578394
66379,SIDM00122,Palbociclib,Bortezomib,Breast,0.000625,0.24113739,0.015695427,-0.455364890394184,0.007444356961578394
52895,SIDM00118,Camptothecin,Nutlin-3a (-),Large Intestine,10.0,3.4752367,0.23985927,0.08774039344466161,0.007444356961578394
75718,SIDM00148,Trametinib,5-Fluorouracil,Breast,10.0,0.47522086,0.041670755,-0.7814204587620345,0.007444356961578394
35585,SIDM01001,Ribociclib,Olaparib,Breast,10.0,-0.10659416,-0.01691218,-0.15116945016968455,0.007444356961578394
59980,SIDM01037,ZM447439,Cisplatin,Breast,1.0,0.6447169,0.043599393,-0.46334399992401526,0.007444356961578394
56,SIDM00193,Vinorelbine,Palbociclib,Large Intestine,4.0,1.4298525,0.0685474,0.3469184417022089,0.007444356961578394
30683,SIDM01090,Crizotinib,Dabrafenib,Large Intestine,1.0,0.7773974,0.020021373,0.840731516689456,0.007444356961578394
71493,SIDM00629,Sapitinib,Crizotinib,Breast,0.625,-1.2324398,-0.06311424,-1.1251299706843108,0.007444356961578394
72373,SIDM00629,Luminespib,AZD7762,Breast,0.25,-0.64683956,-0.06474219,-0.17170124967943826,0.007444356961578394
31897,SIDM01186,KU-55933,Pictilisib,Breast,0.5,2.08798,0.11342094,1.3407328347479488,0.007444356961578394
43588,SIDM00898,Pictilisib,AZD7762,Breast,0.0625,-1.1474134,-0.114073075,0.4225850489007971,0.007444356961578394
78675,SIDM01188,Cisplatin,Erlotinib,Pancreas,2.5,-4.981178,-0.14471628,-1.6996603347538484,0.007444356961578394
2503,SIDM00885,PD173074,OSI-027,Breast,1.0,0.473837,0.016333895,-0.19770150298221784,0.007444356961578394
74273,SIDM00944,Palbociclib,Taselisib,Large Intestine,0.1,0.90229774,0.03325587,1.8236261480807971,0.007444356961578394
7915,SIDM00122,SCH772984,Crizotinib,Breast,2.5,2.3904622,0.12110918,-0.428008775214551,0.007444356961578394
68257,SIDM00571,5-Fluorouracil,Oxaliplatin,Pancreas,10.0,-1.7815374,-0.15287383,-0.4558899249869506,0.007444356961578394
45,SIDM00583,Trametinib,Erlotinib,Pancreas,10.0,-0.47577813,-0.06010072,1.4309793101416153,0.007444356961578394
49981,SIDM00122,PD173074,Gemcitabine,Breast,0.01,0.4351371,0.04076994,-0.08088640923904322,0.007444356961578394
9631,SIDM00583,Paclitaxel,Navitoclax,Pancreas,4.0,1.1004906,0.020807976,0.45278696228080567,0.007444356961578394
73770,SIDM01001,Alpelisib,Navitoclax,Breast,0.625,1.5092174,0.110609934,-0.06623855675475358,0.007444356961578394
59254,SIDM00241,Paclitaxel,Axitinib,Breast,4.0,-1.6266112,-0.036194902,-0.9704722951086516,0.007444356961578394
34249,SIDM00528,OSI-027,Vorinostat,Breast,2.0,0.97479165,0.06791953,1.006953973866833,0.007444356961578394
45539,SIDM00146,AZD6482,MK-2206,Breast,0.25,3.6353278,0.28676352,1.2587358345472628,0.007444356961578394
45380,SIDM00332,Cisplatin,Axitinib,Breast,4.0,-1.087805,-0.07764854,-0.880761413987899,0.007444356961578394
7891,SIDM00146,Ribociclib,Bortezomib,Breast,0.000625,-0.5281879,-0.04575818,-0.650365101495766,0.007444356961578394
52174,SIDM00881,Crizotinib,Vorinostat,Breast,0.5,4.298151,0.16267847,0.6374549849982591,0.007444356961578394
75420,SIDM00898,Crizotinib,Gemcitabine,Breast,0.01,0.766086,0.06275106,0.19292339950891893,0.007444356961578394
3059,SIDM00629,Sorafenib,Temozolomide,Breast,7.5,3.0591993,0.20559673,0.7934189461098898,0.007444356961578394
64364,SIDM01165,Olaparib,Galunisertib,Pancreas,2.5,-0.42085382,-0.039501432,-0.13642752104356834,0.007444356961578394
29001,SIDM00241,OSI-027,Trametinib,Breast,0.01,-1.9273437,-0.100691594,-1.2675271276677393,0.007444356961578394
27993,SIDM00193,LGK974,SB216763,Large Intestine,10.0,0.344406,0.025318015,0.5690898010839116,0.007444356961578394
71061,SIDM00049,SB216763,Trametinib,Large Intestine,0.1,0.19501135,0.0020732991,-0.49537383548737424,0.007444356961578394
65808,SIDM00135,Alpelisib,Nutlin-3a (-),Breast,2.5,-1.8987111,-0.09397836,0.12951035479632086,0.007444356961578394
40966,SIDM00097,KU-55933,Olaparib,Breast,10.0,0.9329776,0.030831778,0.5980350024422891,0.007444356961578394
59707,SIDM00130,MK-1775,Taselisib,Pancreas,2.0,-2.1393328,-0.15993112,-0.3958866781007049,0.007444356961578394
19069,SIDM00872,Wee1 Inhibitor,Crizotinib,Breast,2.5,-0.7517825,-0.045044463,-0.390007813693604,0.007444356961578394
78832,SIDM00528,OSI-027,Navitoclax,Breast,0.625,0.18136817,0.016927106,0.009080121929685029,0.007444356961578394
48683,SIDM00583,Gemcitabine,AZD7762,Pancreas,0.25,3.9653363,0.055813387,0.0766596298366925,0.007444356961578394
23756,SIDM00118,Navitoclax,Sapitinib,Large Intestine,0.5,1.431929,0.035987902,0.5848379651867089,0.007444356961578394
35916,SIDM00832,Crizotinib,MK-2206,Large Intestine,10.0,2.6448474,0.25584707,0.1926576001281485,0.007444356961578394
47042,SIDM00954,Olaparib,Cisplatin,Breast,4.0,-1.7680776,-0.063200966,-0.3386328081003481,0.007444356961578394
2969,SIDM00881,Trametinib,Axitinib,Breast,4.0,-1.0733032,-0.042013418,0.1921341601996885,0.007444356961578394
73268,SIDM00529,Wee1 Inhibitor,Cisplatin,Breast,1.0,1.6594856,0.14068097,0.6171043363770072,0.007444356961578394
37191,SIDM01056,PF-4708671,Linsitinib,Breast,2.5,1.8827475,0.16047281,0.17201168803020092,0.007444356961578394
11552,SIDM00826,Crizotinib,Olaparib,Large Intestine,10.0,-1.019251,-0.099453725,-0.4368175950002269,0.007444356961578394
33237,SIDM00944,Crizotinib,Nutlin-3a (-),Large Intestine,10.0,-2.5339267,-0.07037177,0.797606472026888,0.007444356961578394
36554,SIDM00272,Alisertib,Taselisib,Breast,1.0,-4.343922,-0.39882612,-1.7880347809810273,0.007444356961578394
13293,SIDM00411,Cisplatin,SCH772984,Pancreas,4.0,2.0196035,0.22047587,1.2932430540683577,0.007444356961578394
26237,SIDM01037,GSK269962A,Linsitinib,Breast,10.0,-1.2011058,-0.014881104,-1.775028875043972,0.007444356961578394
29347,SIDM00371,Gemcitabine,Taselisib,Pancreas,0.5,-1.7201192,-0.10015629,0.4191823080161952,0.007444356961578394
54170,SIDM00332,Uprosertib,Sapitinib,Breast,2.0,2.4117966,0.0464972,0.21179648783750463,0.007444356961578394
38983,SIDM00241,Sapitinib,Gemcitabine,Breast,0.01,1.254612,0.021879802,-0.27355677417611146,0.007444356961578394
30302,SIDM00359,AZD7762,Nutlin-3a (-),Large Intestine,10.0,-0.6896768,-0.02746007,-1.1611689901376865,0.007444356961578394
44926,SIDM00899,MK-2206,Gemcitabine,Pancreas,0.01,-1.76512,-0.11262783,-0.06507235663390015,0.007444356961578394
5790,SIDM00866,Linsitinib,Lapatinib,Breast,2.5,-0.6751438,-0.04259286,0.9185559945918553,0.007444356961578394
20890,SIDM01233,SB505124,AZD7762,Large Intestine,0.0625,-2.4150367,-0.09104268,0.08036595409188922,0.007444356961578394
46011,SIDM00866,Crizotinib,Sapitinib,Breast,2.0,1.069643,0.07347551,1.515257630010383,0.007444356961578394
16320,SIDM01165,Palbociclib,Paclitaxel,Pancreas,0.025,-1.2870517,-0.064910255,0.02239356147959773,0.007444356961578394
39617,SIDM00629,Gemcitabine,Lapatinib,Breast,2.5,0.31652096,0.040315337,0.2026700547908656,0.007444356961578394
77356,SIDM00487,Afatinib,Vinorelbine,Large Intestine,0.01,-2.126311,-0.09261901,-0.32495810635019295,0.007444356961578394
57653,SIDM00132,Ruxolitinib,Galunisertib,Pancreas,2.5,1.7446941,0.048383363,-0.5367182666841496,0.007444356961578394
19304,SIDM00049,Taselisib,Crizotinib,Large Intestine,2.5,0.65304,0.071945034,0.3967171103660364,0.007444356961578394
12350,SIDM00789,Crizotinib,Palbociclib,Large Intestine,4.0,-1.1372066,-0.06657699,-1.1781364901014388,0.007444356961578394
52436,SIDM00898,BI-2536,Sapitinib,Breast,2.0,-1.0895829,-0.037823085,0.6227681763402493,0.007444356961578394
77595,SIDM00826,Navitoclax,AZD4547,Large Intestine,10.0,1.7883251,0.07522827,2.2592446147978515,0.007444356961578394
56652,SIDM00841,Vinorelbine,BMS-754807,Large Intestine,0.05,-0.50898814,-0.033068907,0.3466785318863726,0.007444356961578394
20656,SIDM01188,Oxaliplatin,AZD7762,Pancreas,0.25,0.82054466,0.07903021,-0.03438867843866203,0.007444356961578394
12578,SIDM01135,Olaparib,Gemcitabine,Pancreas,0.1,1.9191288,0.04399754,1.521205655073398,0.007444356961578394
46757,SIDM00954,Taselisib,PD173074,Breast,2.5,-1.2694709,-0.1315317,-1.025782019711637,0.007444356961578394
8276,SIDM00630,Uprosertib,OSI-027,Breast,0.25,1.9942006,0.07158012,0.3457024473248359,0.007444356961578394
55107,SIDM00529,Gemcitabine,Luminespib,Breast,0.01,-0.60054374,-0.04818687,0.43947839216384577,0.007444356961578394
32732,SIDM00660,MK-1775,SCH772984,Large Intestine,0.5,0.581345,0.028652344,-1.0175716938956474,0.007444356961578394
69220,SIDM01165,MK-2206,MK-1775,Pancreas,0.2,-1.6848823,-0.12003971,-0.823144973269105,0.007444356961578394
45000,SIDM01056,Palbociclib,Navitoclax,Breast,0.625,-0.4000422,-0.032863535,-0.9829625143321099,0.007444356961578394
37775,SIDM00837,AZD7762,AZD8055,Large Intestine,0.5,-2.0166378,-0.13642783,-1.1604999018386617,0.007444356961578394
34015,SIDM00881,Gemcitabine,Olaparib,Breast,2.5,1.131219,0.075572304,1.9901833613606348,0.007444356961578394
42657,SIDM01186,Ribociclib,Taselisib,Breast,0.1,-2.36101,-0.06835519,0.1265461508045043,0.007444356961578394
2059,SIDM00630,Taselisib,Pictilisib,Breast,0.125,1.7358971,0.08114014,0.5724280518602535,0.007444356961578394
24131,SIDM00832,MK-1775,SCH772984,Large Intestine,0.5,1.8838398,0.089468196,0.22891219439182975,0.007444356961578394
58059,SIDM00954,JQ1,Temozolomide,Breast,7.5,-0.31647015,-0.01361392,0.2562950924961686,0.007444356961578394
11171,SIDM01139,Olaparib,OSI-027,Pancreas,4.0,-2.6739252,-0.012615433,0.5077826453747316,0.007444356961578394
77931,SIDM00884,PD173074,Sapitinib,Breast,0.5,0.035503954,0.002844929,-0.3739594291124903,0.007444356961578394
19942,SIDM01197,5-Fluorouracil,SCH772984,Large Intestine,0.5,0.8876505,0.017052451,0.2879295873889193,0.007444356961578394
53681,SIDM00359,Linsitinib,Taselisib,Large Intestine,1.0,-0.97361195,-0.113571145,0.01653350203760827,0.007444356961578394
24928,SIDM00872,BI-2536,Trametinib,Breast,0.01,5.2439055,0.19022907,0.369989083755292,0.007444356961578394
126,SIDM00660,5-Fluorouracil,Olaparib,Large Intestine,10.0,2.974795,0.17852429,-0.05906761007038191,0.007444356961578394
47799,SIDM00675,BI-2536,MK-1775,Breast,2.5,3.5869098,0.15642944,-0.1132570896288913,0.007444356961578394
17031,SIDM00934,Irinotecan,Ruxolitinib,Pancreas,10.0,-0.5085967,-0.04384697,-1.1443560246649354,0.007444356961578394
26716,SIDM00534,Crizotinib,AZD8055,Large Intestine,0.5,1.9612147,0.045510426,0.897851956555648,0.007444356961578394
12733,SIDM00132,Irinotecan,Trametinib,Pancreas,0.25,-0.79800963,-0.02940063,-0.6639068569777372,0.007444356961578394
60445,SIDM00505,Navitoclax,Sorafenib,Pancreas,5.0,-0.59098476,-0.0607969,0.24169299708410075,0.007444356961578394
16700,SIDM00130,5-Fluorouracil,Cisplatin,Pancreas,0.8,-0.44850153,-0.030094493,-0.4523178776759254,0.007444356961578394
2899,SIDM00681,Navitoclax,BMS-754807,Large Intestine,0.5,6.0048575,0.59198594,0.615470546318203,0.007444356961578394
55668,SIDM00673,RO-3306,5-Fluorouracil,Breast,10.0,1.4136661,0.07404471,0.7655437703040296,0.007444356961578394
26167,SIDM00135,Docetaxel,Taselisib,Breast,1.0,-2.4978976,-0.033345398,-0.15959760439131793,0.007444356961578394
38703,SIDM00841,Trametinib,LGK974,Large Intestine,10.0,-4.7029686,-0.20287667,-0.4985782374032642,0.007444356961578394
6154,SIDM00874,SB216763,Trametinib,Breast,0.01,-3.505924,-0.16445637,-1.6795518569647672,0.007444356961578394
7482,SIDM01188,OSI-027,Irinotecan,Pancreas,5.0,0.43610927,0.023635408,0.7948807303418367,0.007444356961578394
44245,SIDM00875,Bortezomib,AZD7762,Breast,0.25,0.8146258,0.095139466,-0.383936414568677,0.007444356961578394
2138,SIDM00826,Linsitinib,SB505124,Large Intestine,2.5,-0.6637623,-0.016045189,0.5606839586070559,0.007444356961578394
47831,SIDM00571,Trametinib,Gemcitabine,Pancreas,0.01,1.2900604,0.118136756,-0.20278114778749684,0.007444356961578394
69084,SIDM00882,Olaparib,Navitoclax,Breast,0.625,0.65410215,0.04684196,0.15623520719902348,0.007444356961578394
53219,SIDM00881,JQ1,Olaparib,Breast,10.0,1.0366528,0.05331097,-0.16056359903689923,0.007444356961578394
45064,SIDM00920,Pictilisib,Trametinib,Breast,0.1,-0.25102866,-0.030061902,-1.1272686855458736,0.007444356961578394
15694,SIDM00146,Ribociclib,5-Fluorouracil,Breast,2.5,-0.3710791,-0.032484967,-0.06466129586400608,0.007444356961578394
78587,SIDM00122,NU7441,Axitinib,Breast,4.0,1.7424909,0.08737463,-1.262018610932515,0.007444356961578394
73660,SIDM00839,Camptothecin,Trametinib,Large Intestine,0.1,-1.4841828,-0.10446276,0.1195190446959659,0.007444356961578394
42208,SIDM01037,Venetoclax,PD173074,Breast,2.5,0.763822,0.014760264,0.43683776344725406,0.007444356961578394
25231,SIDM00469,Trametinib,SCH772984,Pancreas,1.0,1.0868192,0.11766433,0.5102735835781766,0.007444356961578394
14387,SIDM00583,Galunisertib,Sorafenib,Pancreas,5.0,-2.8509753,-0.12894309,-0.7648471317561846,0.007444356961578394
39263,SIDM00241,NU7441,Olaparib,Breast,2.5,2.0642369,0.22250694,-0.5256657647545826,0.007444356961578394
64780,SIDM01139,Linsitinib,Paclitaxel,Pancreas,0.025,-0.7839979,-0.06792603,1.2785000184554272,0.007444356961578394
42088,SIDM00837,Nutlin-3a (-),Navitoclax,Large Intestine,1.0,0.98946,0.12939677,0.26251288153361135,0.007444356961578394
6788,SIDM00241,Afatinib,Trametinib,Breast,0.1,-2.7727556,-0.17250943,-0.6156600781418705,0.007444356961578394
74098,SIDM00875,Camptothecin,Sapitinib,Breast,0.5,-0.6904511,-0.039690264,0.22709602999411516,0.007444356961578394
48484,SIDM00957,Camptothecin,Oxaliplatin,Large Intestine,5.0,-2.41131,-0.10139751,-0.9307958526034733,0.007444356961578394
5996,SIDM01056,5-Fluorouracil,Taselisib,Breast,0.1,-2.1233962,-0.036041103,0.24317832959108526,0.007444356961578394
77366,SIDM00866,5-Fluorouracil,MK-2206,Breast,1.0,1.4906892,0.07081399,0.11958689148731583,0.007444356961578394
8334,SIDM00866,Paclitaxel,Temozolomide,Breast,7.5,0.56465155,0.061752733,-0.06745475831985168,0.007444356961578394
6061,SIDM00885,Docetaxel,Axitinib,Breast,4.0,-0.66644603,-0.048238263,-0.5192821251777461,0.007444356961578394
77146,SIDM00885,AZD8055,Linsitinib,Breast,2.5,0.6079309,0.013521353,0.8469649498141789,0.007444356961578394
72071,SIDM01056,Palbociclib,Cisplatin,Breast,4.0,-0.48917493,-0.034902625,-0.6998033135678337,0.007444356961578394
32670,SIDM00954,AZD8055,MK-1775,Breast,2.5,-0.50227326,-0.013425795,0.19101234174029733,0.007444356961578394
17422,SIDM00150,AZD4547,Vinorelbine,Large Intestine,0.01,-0.71176744,-0.057565954,-0.9115228576452956,0.007444356961578394
61520,SIDM00314,Lapatinib,MK-1775,Breast,2.5,-0.2505218,-0.02570323,-0.05136042193627123,0.007444356961578394
17880,SIDM01188,SCH772984,Taselisib,Pancreas,2.0,-3.2383194,-0.13163567,-0.9397722406799055,0.007444356961578394
39858,SIDM00920,KU-55933,Sapitinib,Breast,0.5,3.7797077,0.11226545,0.5062534990645392,0.007444356961578394
1971,SIDM00130,MK-1775,OSI-027,Pancreas,4.0,-3.9342012,-0.09292051,-0.7882599040231252,0.007444356961578394
44954,SIDM00148,Uprosertib,Olaparib,Breast,10.0,0.9920724,0.022041485,0.40845099752435005,0.007444356961578394
5495,SIDM00778,Linsitinib,Trametinib,Large Intestine,0.01,-0.9066689,-0.08985769,0.6871722677307469,0.007444356961578394
71924,SIDM00371,OSI-027,Palbociclib,Pancreas,8.0,1.9208175,0.05547965,-0.11151474243743142,0.007444356961578394
73400,SIDM01136,Irinotecan,Navitoclax,Pancreas,1.0,-2.13358,-0.0836798,-0.33921365408148335,0.007444356961578394
25643,SIDM00529,Sorafenib,Lapatinib,Breast,0.625,0.39023736,0.013366612,-0.42768492695411386,0.007444356961578394
57444,SIDM00934,MK-2206,Galunisertib,Pancreas,10.0,1.2080673,0.067352585,-0.4501134102627366,0.007444356961578394
76237,SIDM00314,Navitoclax,Lapatinib,Breast,0.625,-1.4556899,-0.039538097,-0.19051577608734854,0.007444356961578394
77742,SIDM01186,Afatinib,Vorinostat,Breast,2.0,1.6649294,0.04939355,-0.021571734324985263,0.007444356961578394
72999,SIDM00940,GSK269962A,Gemcitabine,Breast,0.1,-1.9482881,-0.1350363,0.2507596834695116,0.007444356961578394
2176,SIDM00789,AZD4547,SB216763,Large Intestine,2.5,0.95720756,0.020823827,-0.4272991642319781,0.007444356961578394
79300,SIDM00898,AZD8055,Sapitinib,Breast,2.0,-1.0790749,-0.07813194,-0.23564181787673613,0.007444356961578394
17797,SIDM00136,Sapitinib,MK-1775,Large Intestine,1.0,0.8688065,0.08109267,0.2458767755998302,0.007444356961578394
22709,SIDM00933,Docetaxel,Navitoclax,Breast,0.625,1.6531717,0.2180782,-0.0779719457780149,0.007444356961578394
41812,SIDM01137,Olaparib,Irinotecan,Pancreas,0.5,-0.9957124,-0.08440907,-0.17152785277173252,0.007444356961578394
78423,SIDM00130,Dactolisib,Gemcitabine,Pancreas,0.01,2.3816488,0.022420496,0.8363552856955196,0.007444356961578394
23636,SIDM00881,KU-55933,Palbociclib,Breast,4.0,-1.5358423,-0.080359526,-0.21770278566702164,0.007444356961578394
29363,SIDM00359,Camptothecin,Taselisib,Large Intestine,0.1,2.5609276,0.10351566,0.020926482930433546,0.007444356961578394
43606,SIDM00954,Olaparib,5-Fluorouracil,Breast,2.5,2.6402426,0.090326145,1.1599491443324612,0.007444356961578394
60619,SIDM00835,BMS-754807,Nutlin-3a (-),Large Intestine,10.0,-0.9669643,-0.028343067,-0.13663310064329764,0.007444356961578394
3292,SIDM00834,MK-1775,BMS-754807,Large Intestine,0.05,-2.2175865,-0.054574713,1.326450122006534,0.007444356961578394
38794,SIDM00241,Alpelisib,Axitinib,Breast,1.0,0.80407774,0.027270418,-0.5623231568774627,0.007444356961578394
69901,SIDM01188,Erlotinib,OSI-027,Pancreas,4.0,0.6001652,0.0481145,1.068010800173615,0.007444356961578394
56543,SIDM00533,SCH772984,Lapatinib,Pancreas,10.0,2.0543144,0.08290954,1.0998926075146647,0.007444356961578394
64790,SIDM00933,Nutlin-3a (-),Cisplatin,Breast,1.0,-0.8008063,-0.028265137,1.6702666433921216,0.007444356961578394
29695,SIDM00314,JQ1,Olaparib,Breast,10.0,2.8368735,0.173002,0.8219413610431263,0.007444356961578394
37501,SIDM01056,SCH772984,Olaparib,Breast,10.0,0.6473848,0.02865844,1.255961887093132,0.007444356961578394
7300,SIDM01188,Sorafenib,LGK974,Pancreas,10.0,0.41119826,0.028473852,0.0071269301342187065,0.007444356961578394
9150,SIDM00782,Palbociclib,Camptothecin,Large Intestine,0.0025,-2.3594658,-0.07404469,-0.8963384173495745,0.007444356961578394
68946,SIDM00881,Lapatinib,OSI-027,Breast,0.25,-3.4146626,-0.13732223,-1.0937272334971286,0.007444356961578394
67796,SIDM00884,Taselisib,MK-1775,Breast,2.5,1.5323812,0.1299823,0.03652618936636925,0.007444356961578394
20275,SIDM00534,Navitoclax,Camptothecin,Large Intestine,0.0025,-2.3183281,-0.13477394,-1.4690319797420193,0.007444356961578394
48376,SIDM00789,SCH772984,Navitoclax,Large Intestine,1.0,5.2152696,0.17509867,2.1399720559015964,0.007444356961578394
77185,SIDM00582,5-Fluorouracil,Dasatinib,Pancreas,0.05,2.2627785,0.122966185,0.1064886096846492,0.007444356961578394
19335,SIDM00314,Cisplatin,Olaparib,Breast,10.0,1.661572,0.025539685,0.48479337538662104,0.007444356961578394
19806,SIDM00944,Palbociclib,BMS-754807,Large Intestine,0.05,-1.1140579,-0.032962143,0.14542177914936444,0.007444356961578394
13550,SIDM01233,Dabrafenib,AZD4547,Large Intestine,10.0,0.63148814,0.04556692,0.35740763764876887,0.007444356961578394
8959,SIDM00541,AZD8055,Sapitinib,Large Intestine,2.0,-3.7421303,-0.09726183,0.0721713844507904,0.007444356961578394
9743,SIDM01042,PF-4708671,OSI-027,Breast,1.0,-0.4760879,-0.038510926,-0.7084543578145673,0.007444356961578394
78749,SIDM00944,Trametinib,MK-1775,Large Intestine,1.0,0.8232247,0.074014194,-0.5087106530653137,0.007444356961578394
61290,SIDM00872,Ribociclib,Linsitinib,Breast,10.0,-0.28007558,-0.021021558,-0.03737874892204774,0.007444356961578394
66940,SIDM01037,Gemcitabine,MK-1775,Breast,2.5,-2.0384967,-0.17565958,0.4165196141793666,0.007444356961578394
5752,SIDM00940,Navitoclax,Nutlin-3a (-),Breast,2.5,3.2516632,0.07393381,0.7897825559746849,0.007444356961578394
70763,SIDM00534,AZD4547,Camptothecin,Large Intestine,0.025,-1.0777844,-0.047367126,0.8654077728705655,0.007444356961578394
72689,SIDM00541,Crizotinib,AZD8055,Large Intestine,0.5,-0.43480384,-0.00998776,0.18237778718872052,0.007444356961578394
5720,SIDM00148,Olaparib,Lapatinib,Breast,0.625,0.88405424,0.07860599,0.4279920592909938,0.007444356961578394
5312,SIDM00241,GSK269962A,Docetaxel,Breast,0.001,-0.41745058,-0.014804884,0.012070498839101877,0.007444356961578394
24851,SIDM00527,Nutlin-3a (-),MK-1775,Large Intestine,1.0,2.2983768,0.16115567,0.8169557422081203,0.007444356961578394
65271,SIDM00582,Crizotinib,Cisplatin,Pancreas,8.0,-0.6282594,-0.02988975,0.3842269685249248,0.007444356961578394
4523,SIDM00874,Doramapimod,Temozolomide,Breast,30.0,0.55159706,0.012863943,0.7841281004088035,0.007444356961578394
47357,SIDM00920,Navitoclax,Trametinib,Breast,0.1,3.3851597,0.2825915,1.9799639331076093,0.007444356961578394
60215,SIDM00531,OSI-027,Trametinib,Pancreas,1.0,-1.6912069,-0.008418911,-0.6810108830253792,0.007444356961578394
13276,SIDM01042,KU-55933,Olaparib,Breast,2.5,4.286158,0.33303532,2.0469905213791417,0.007444356961578394
35611,SIDM00582,Galunisertib,Ruxolitinib,Pancreas,2.5,2.8026404,0.2218553,1.0104810191709694,0.007444356961578394
60720,SIDM00541,Dabrafenib,Trametinib,Large Intestine,0.01,4.3498755,0.3106289,2.5319475602320862,0.007444356961578394
34584,SIDM00933,Docetaxel,Lapatinib,Breast,0.625,-1.7165233,-0.07364252,-0.5486147712301743,0.007444356961578394
30503,SIDM00582,Dasatinib,Cisplatin,Pancreas,0.8,0.28885454,0.041790675,0.06621997228199474,0.007444356961578394
45136,SIDM01197,Crizotinib,SCH772984,Large Intestine,0.05,-1.8227267,-0.14140679,-0.5706980431486924,0.007444356961578394
59215,SIDM00837,AZD8055,Nutlin-3a (-),Large Intestine,10.0,4.97431,0.17602533,1.3213994124478783,0.007444356961578394
46711,SIDM00882,Ribociclib,Gemcitabine,Breast,0.1,-0.72849613,-0.06268628,-0.894936359067694,0.007444356961578394
18036,SIDM00272,Sapitinib,Crizotinib,Breast,2.5,1.5249625,0.11792007,-0.673648179234619,0.007444356961578394
41443,SIDM00675,Bortezomib,Axitinib,Breast,4.0,0.3659693,0.009854701,0.1345500323761415,0.007444356961578394
1134,SIDM00272,Luminespib,OSI-027,Breast,0.25,2.979571,0.20723356,0.5859127600039761,0.007444356961578394
360,SIDM00789,AZD7762,Trametinib,Large Intestine,0.1,0.49660012,0.03899008,-0.9529640812761848,0.007444356961578394
74640,SIDM00874,OSI-027,Olaparib,Breast,10.0,2.6571195,0.16869356,1.5749500038350868,0.007444356961578394
70707,SIDM00866,Lapatinib,Axitinib,Breast,1.0,3.923164,0.1557143,0.6144845099357591,0.007444356961578394
26031,SIDM00122,Tozasertib,AZD7762,Breast,0.25,0.3467191,0.02735232,-0.11755848867759494,0.007444356961578394
65664,SIDM00950,SCH772984,Erlotinib,Pancreas,10.0,-1.1892978,-0.069590285,-0.22001591178631458,0.007444356961578394
21179,SIDM00148,Cisplatin,MK-1775,Breast,2.5,-1.2677693,-0.061428063,-0.09450954259997353,0.007444356961578394
41481,SIDM00940,RO-3306,Nutlin-3a (-),Breast,10.0,4.3278537,0.32917213,-0.28944916969143736,0.007444356961578394
69244,SIDM00630,Alpelisib,PD173074,Breast,10.0,-2.7855992,-0.076057665,-0.7155635039732254,0.007444356961578394
39685,SIDM00272,Docetaxel,Palbociclib,Breast,4.0,-3.0149465,-0.14588791,-0.9468435506174667,0.007444356961578394
61145,SIDM01090,Trametinib,AZD4547,Large Intestine,10.0,2.253234,0.105547726,-1.675158062296723,0.007444356961578394
67091,SIDM00529,BI-2536,Pictilisib,Breast,0.5,-2.479208,-0.09241742,-1.0465755553702125,0.007444356961578394
63195,SIDM00529,KU-55933,Navitoclax,Breast,2.5,0.5633189,0.039046906,-1.0833914426536944,0.007444356961578394
37497,SIDM01056,AZD6482,Crizotinib,Breast,0.625,0.89080137,0.018066596,0.8609586625005448,0.007444356961578394
30925,SIDM00872,Alisertib,Vorinostat,Breast,0.5,-1.3017766,-0.030303566,0.45884615108057203,0.007444356961578394
19887,SIDM00866,Bortezomib,Luminespib,Breast,0.01,-1.0792003,-0.06509474,-0.12338840267568077,0.007444356961578394
392,SIDM01165,5-Fluorouracil,Sorafenib,Pancreas,5.0,-1.2729598,-0.020418689,0.5820738517180585,0.007444356961578394
26329,SIDM01139,Oxaliplatin,Olaparib,Pancreas,10.0,-1.3967278,-0.10635782,-0.054876768261411656,0.007444356961578394
16960,SIDM00146,Nutlin-3a (-),Vorinostat,Breast,2.0,-0.48128837,-0.04159827,0.3924713343550985,0.007444356961578394
30483,SIDM00359,5-Fluorouracil,AZD7762,Large Intestine,0.25,1.6252586,0.14645416,-0.12402047217376448,0.007444356961578394
26650,SIDM00097,Taselisib,Navitoclax,Breast,2.5,-4.141672,-0.21328977,0.11160328968211662,0.007444356961578394
18446,SIDM00899,OSI-027,Galunisertib,Pancreas,2.5,-2.3417659,-0.09161767,0.9722200263723714,0.007444356961578394
45118,SIDM00097,Bortezomib,Crizotinib,Breast,0.625,-2.5474112,-0.05446885,0.15615684633015744,0.007444356961578394
67221,SIDM00954,Vorinostat,MK-2206,Breast,0.25,1.482203,0.10763273,0.24175099788998597,0.007444356961578394
34022,SIDM00783,Dabrafenib,AZD7762,Large Intestine,0.25,-3.791221,-0.15183643,0.5605384766267051,0.007444356961578394
27008,SIDM00359,MK-1775,Afatinib,Large Intestine,1.0,2.6269186,0.040894303,-0.28872765993246896,0.007444356961578394
61213,SIDM00150,Nutlin-3a (-),Crizotinib,Large Intestine,0.625,-1.9387239,-0.068375625,0.6003031305084344,0.007444356961578394
80886,SIDM00940,Docetaxel,Olaparib,Breast,10.0,-0.80024725,-0.097772285,-0.3727855164465837,0.007444356961578394
10562,SIDM00884,Linsitinib,Nutlin-3a (-),Breast,2.5,-1.6134565,-0.026105942,1.2521762944713561,0.007444356961578394
14078,SIDM00954,Nilotinib,Linsitinib,Breast,2.5,-1.9103483,-0.08386973,-0.4308293719449203,0.007444356961578394
39149,SIDM00920,KU-55933,Palbociclib,Breast,1.0,0.47580412,0.022263208,-0.40805394422838703,0.007444356961578394
58650,SIDM01186,NU7441,AZD7762,Breast,0.25,-0.69830143,-0.056601148,0.6007497528202104,0.007444356961578394
54288,SIDM01056,Ribociclib,AZD7762,Breast,0.0625,2.2099617,0.20176698,0.2115711643822702,0.007444356961578394
56549,SIDM01186,AZD8055,Nutlin-3a (-),Breast,10.0,-0.8611172,-0.022792814,0.4250058943435738,0.007444356961578394
41898,SIDM00411,Ruxolitinib,Dasatinib,Pancreas,0.5,0.6184499,0.07401306,0.22967090129958018,0.007444356961578394
69446,SIDM01037,Tozasertib,Nutlin-3a (-),Breast,10.0,2.1214068,0.18377872,0.8847004882803221,0.007444356961578394
925,SIDM00872,AZD6482,Luminespib,Breast,0.0025,-1.389222,-0.07958882,-0.7577497524707628,0.007444356961578394
27730,SIDM00629,GSK269962A,Gemcitabine,Breast,0.01,0.31881505,0.022087574,0.2816310824542336,0.007444356961578394
2664,SIDM00097,Trametinib,Sapitinib,Breast,2.0,-1.5106518,-0.08319383,0.22561965039183535,0.007444356961578394
65001,SIDM00359,BMS-754807,Afatinib,Large Intestine,0.25,-1.2101203,-0.07901608,-0.2693837134713889,0.007444356961578394
19850,SIDM00680,Nutlin-3a (-),SB505124,Large Intestine,0.625,1.8252854,0.09428328,0.5489413935795875,0.007444356961578394
37383,SIDM00528,Nutlin-3a (-),MK-2206,Breast,1.0,6.567799,0.32751378,1.0233498845273836,0.007444356961578394
4207,SIDM00899,Oxaliplatin,Palbociclib,Pancreas,8.0,-0.48506153,-0.036157787,-0.2596253886169773,0.007444356961578394
22522,SIDM00534,Camptothecin,Nutlin-3a (-),Large Intestine,2.5,-0.49584973,-0.041742433,0.43778346438232096,0.007444356961578394
37341,SIDM00782,AZD8055,Nutlin-3a (-),Large Intestine,10.0,-0.19962133,-0.006150536,-0.12241178872509813,0.007444356961578394
65934,SIDM01090,LGK974,Palbociclib,Large Intestine,1.0,0.91570145,0.034103666,-0.49708810720892455,0.007444356961578394
13599,SIDM00954,RO-3306,Lapatinib,Breast,0.625,1.2479908,0.037662536,-0.24249407810156268,0.007444356961578394
17520,SIDM00920,Temozolomide,Navitoclax,Breast,0.625,-2.834399,-0.09826835,0.8847314743543359,0.007444356961578394
40803,SIDM00835,Navitoclax,AZD7762,Large Intestine,0.0625,-0.21374597,-0.023644755,-0.388591553846425,0.007444356961578394
68739,SIDM01037,BI-2536,Docetaxel,Breast,0.001,2.1699626,0.071027,-1.3809706397016241,0.007444356961578394
21330,SIDM00193,Oxaliplatin,SB216763,Large Intestine,2.5,-1.4875954,-0.13190182,-0.9092062691249722,0.007444356961578394
53090,SIDM01186,SB216763,Navitoclax,Breast,0.625,-1.2439837,-0.07886801,-0.31620270337788653,0.007444356961578394
8220,SIDM00778,SB216763,Nutlin-3a (-),Large Intestine,10.0,-1.4014434,-0.06281958,-0.16708556954505674,0.007444356961578394
37675,SIDM00881,Alisertib,AZD7762,Breast,0.0625,0.5838954,0.08894927,-0.08131027985332867,0.007444356961578394
39135,SIDM00664,MK-2206,Crizotinib,Pancreas,4.0,-3.0467548,-0.068100765,0.5434998265965623,0.007444356961578394
69888,SIDM00148,Sorafenib,Trametinib,Breast,0.01,-1.9926252,-0.065624826,-0.3727079866080061,0.007444356961578394
25733,SIDM00529,Alisertib,MK-1775,Breast,2.5,-2.051288,-0.16798279,-1.242966572336552,0.007444356961578394
74406,SIDM00148,PD173074,OSI-027,Breast,1.0,-1.4576705,-0.07600531,0.849342340426744,0.007444356961578394
48116,SIDM01137,Palbociclib,5-Fluorouracil,Pancreas,10.0,1.7192228,0.15175988,1.549950314241953,0.007444356961578394
2973,SIDM00837,Afatinib,Trametinib,Large Intestine,0.1,-2.988975,-0.2542096,-0.19769764289410455,0.007444356961578394
39041,SIDM01137,5-Fluorouracil,OSI-027,Pancreas,4.0,-1.4804286,-0.059208658,0.050642752450262854,0.007444356961578394
79161,SIDM00920,Doramapimod,PD173074,Breast,10.0,-0.88665307,-0.09622606,-0.8410603970842623,0.007444356961578394
47861,SIDM00881,Tozasertib,Pictilisib,Breast,0.5,-2.325838,-0.030974278,-1.516987421146498,0.007444356961578394
49836,SIDM01139,Erlotinib,Linsitinib,Pancreas,10.0,-0.52223366,-0.012936996,0.03621179636273657,0.007444356961578394
14372,SIDM00332,Olaparib,Crizotinib,Breast,2.5,1.2551473,0.071662895,0.9239467063060707,0.007444356961578394
47283,SIDM00940,KU-55933,Luminespib,Breast,0.01,1.0090952,0.05112364,-0.32917783106738185,0.007444356961578394
9115,SIDM01037,Paclitaxel,MK-2206,Breast,1.0,0.10069607,0.0045987573,-0.15499757177177317,0.007444356961578394
36982,SIDM01165,Sorafenib,Dasatinib,Pancreas,0.5,2.5365558,0.05129744,-1.6291851977580154,0.007444356961578394
42002,SIDM00146,BI-2536,Linsitinib,Breast,10.0,-4.763262,-0.16892515,-2.0968099583142323,0.007444356961578394
81010,SIDM00630,Nutlin-3a (-),Cisplatin,Breast,1.0,-1.4542085,-0.088295795,-0.48441404340024774,0.007444356961578394
80174,SIDM00664,LGK974,Cisplatin,Pancreas,8.0,-1.1699984,-0.02680459,1.961781927199596,0.007444356961578394
77623,SIDM00872,Axitinib,Luminespib,Breast,0.01,0.50619596,0.056394998,0.8787915338979686,0.007444356961578394
12403,SIDM01188,Crizotinib,Taselisib,Pancreas,0.5,1.5063269,0.10254645,-0.30067121223337007,0.007444356961578394
74470,SIDM00899,Galunisertib,Ruxolitinib,Pancreas,2.5,-2.3725305,-0.17447977,-1.1571107764609458,0.007444356961578394
34330,SIDM00241,Paclitaxel,Luminespib,Breast,0.0025,-1.5731503,-0.1361244,-0.1515781018785719,0.007444356961578394
25726,SIDM00582,5-Fluorouracil,Olaparib,Pancreas,2.5,-0.3067287,-0.022619627,0.591724415436147,0.007444356961578394
36687,SIDM01001,MK-2206,Gemcitabine,Breast,0.01,-0.5099168,-0.04813189,-0.2994932744620941,0.007444356961578394
65470,SIDM01042,BI-2536,Linsitinib,Breast,10.0,-0.20265542,-0.01696071,-1.0530569633080729,0.007444356961578394
50658,SIDM00272,RO-3306,Nutlin-3a (-),Breast,2.5,0.88359827,0.051649313,-1.0138382890171356,0.007444356961578394
50818,SIDM00677,SB216763,BMS-754807,Large Intestine,0.05,-2.164201,-0.113084204,-1.0288261449012737,0.007444356961578394
69387,SIDM00874,Cisplatin,AZD7762,Breast,0.0625,0.22430095,0.004940785,1.4417243684551777,0.007444356961578394
22970,SIDM00950,Palbociclib,Paclitaxel,Pancreas,0.025,1.2862858,0.11253702,1.029882222399549,0.007444356961578394
63155,SIDM00899,OSI-027,Trametinib,Pancreas,0.25,-0.89321876,-0.07083023,-0.553609787537245,0.007444356961578394
11055,SIDM00872,Crizotinib,Taselisib,Breast,1.0,1.322667,0.079377994,-0.4837926412488731,0.007444356961578394
75618,SIDM00630,Navitoclax,Sapitinib,Breast,2.0,-1.3708875,-0.04162276,1.0648173514573116,0.007444356961578394
70841,SIDM00934,Crizotinib,Paclitaxel,Pancreas,0.025,2.259473,0.094721876,1.6104013210048194,0.007444356961578394
74272,SIDM00146,JQ1,Cisplatin,Breast,1.0,1.9283124,0.11873959,-0.5622647653725529,0.007444356961578394
31978,SIDM00776,Linsitinib,Oxaliplatin,Large Intestine,1.0,-1.6474458,-0.062415957,0.11169523875844464,0.007444356961578394
64430,SIDM00505,Crizotinib,AZD7762,Pancreas,0.0625,-1.1903098,-0.07013517,0.19914343435067197,0.007444356961578394
19123,SIDM00541,Sapitinib,Vinorelbine,Large Intestine,0.01,-5.1076055,-0.4612557,-0.7342791131671337,0.007444356961578394
51254,SIDM00957,AZD7762,Afatinib,Large Intestine,1.0,-0.41103432,-0.039255038,-0.0893722879909146,0.007444356961578394
59285,SIDM00920,Linsitinib,Lapatinib,Breast,0.625,1.1349101,0.06591656,0.054958666697836736,0.007444356961578394
11408,SIDM00940,BI-2536,Olaparib,Breast,10.0,1.9959207,0.087603636,-0.5195449891819679,0.007444356961578394
26120,SIDM00675,Tozasertib,Vorinostat,Breast,2.0,-2.3952074,-0.17609316,-0.06285694597255745,0.007444356961578394
2534,SIDM00630,Pictilisib,Nutlin-3a (-),Breast,2.5,5.3545933,0.18830648,-0.014700982404841557,0.007444356961578394
22079,SIDM00541,Palbociclib,Afatinib,Large Intestine,0.25,-0.6717891,-0.08594149,0.3688157262298738,0.007444356961578394
35387,SIDM00950,5-Fluorouracil,Ruxolitinib,Pancreas,10.0,1.3868337,0.022710774,1.424066988860405,0.007444356961578394
8717,SIDM00528,Vorinostat,Palbociclib,Breast,4.0,-0.6224432,-0.04848526,-0.4432150589358662,0.007444356961578394
2527,SIDM00872,Crizotinib,Luminespib,Breast,0.0025,-2.058399,-0.06517394,0.9469125817623743,0.007444356961578394
12434,SIDM01056,ZM447439,MK-1775,Breast,2.5,-1.6847143,-0.07836976,0.37990095720015965,0.007444356961578394
2687,SIDM00677,AZD7762,Afatinib,Large Intestine,1.0,0.5326493,0.010431919,0.33918499631225735,0.007444356961578394
69771,SIDM00881,Sapitinib,Vorinostat,Breast,0.5,0.692688,0.0872116,0.8744712552486091,0.007444356961578394
19928,SIDM00885,OSI-027,Pictilisib,Breast,0.5,0.40791312,0.035854734,-0.39476465773946295,0.007444356961578394
55953,SIDM00136,AZD4547,Sapitinib,Large Intestine,2.0,0.6854905,0.068942115,0.42216328783223406,0.007444356961578394
17531,SIDM00677,AZD4547,MK-2206,Large Intestine,10.0,-2.47209,-0.21931523,-0.41484540769403505,0.007444356961578394
22478,SIDM00789,Navitoclax,Trametinib,Large Intestine,0.1,-1.2806631,-0.08446554,-0.5786453603489093,0.007444356961578394
9228,SIDM00146,Dabrafenib,Crizotinib,Breast,2.5,-3.4462395,-0.20178267,-1.1232985410673078,0.007444356961578394
65498,SIDM00529,Alpelisib,Lapatinib,Breast,0.625,0.86450106,0.062070213,-0.7188601103857996,0.007444356961578394
47957,SIDM01137,Oxaliplatin,MK-1775,Pancreas,0.2,0.67117316,0.026295519,-0.5952755742222378,0.007444356961578394
11176,SIDM00920,Crizotinib,Taselisib,Breast,0.1,-4.3529406,-0.2443665,-0.4126219278321373,0.007444356961578394
54711,SIDM00411,Linsitinib,Dasatinib,Pancreas,0.05,-1.128138,-0.07607926,0.042140671882009054,0.007444356961578394
2434,SIDM00933,GSK269962A,Temozolomide,Breast,7.5,1.4507327,0.13765179,0.31889368921010086,0.007444356961578394
20956,SIDM00874,Nutlin-3a (-),OSI-027,Breast,0.25,4.002562,0.1764936,0.8372409154295855,0.007444356961578394
6027,SIDM00534,Taselisib,5-Fluorouracil,Large Intestine,10.0,-1.6048241,-0.0955292,-0.7583533052865787,0.007444356961578394
49794,SIDM00630,GSK269962A,5-Fluorouracil,Breast,2.5,2.0435596,0.1405508,0.703750843997206,0.007444356961578394
38906,SIDM00866,Cisplatin,Temozolomide,Breast,30.0,-2.2450287,-0.08485717,0.7182500905274823,0.007444356961578394
79471,SIDM00135,AZD8055,MK-1775,Breast,0.625,-2.0926356,-0.14486982,0.16213966154100218,0.007444356961578394
63264,SIDM00049,Olaparib,Camptothecin,Large Intestine,0.025,-1.6112959,-0.1603667,-0.5230843116312682,0.007444356961578394
6554,SIDM00049,SCH772984,Oxaliplatin,Large Intestine,5.0,1.3895624,0.07559846,-0.33876719162916347,0.007444356961578394
63332,SIDM00628,Alisertib,Docetaxel,Breast,0.001,-2.0694115,-0.08140774,-0.6544415333965725,0.007444356961578394
32043,SIDM01042,PD173074,5-Fluorouracil,Breast,2.5,-1.5346457,-0.07411329,0.04199893756882618,0.007444356961578394
36869,SIDM00529,Camptothecin,5-Fluorouracil,Breast,10.0,5.341236,0.34121513,0.08656954758326355,0.007444356961578394
78872,SIDM00272,Axitinib,OSI-027,Breast,0.25,-5.251803,-0.44601098,-1.3684569361804213,0.007444356961578394
33067,SIDM00527,Dabrafenib,Sapitinib,Large Intestine,2.0,1.3650028,0.17200305,0.7519147269469159,0.007444356961578394
32748,SIDM00529,Pictilisib,Nutlin-3a (-),Breast,10.0,-0.7535006,-0.0422623,0.47002539531223414,0.007444356961578394
36019,SIDM00881,SCH772984,Linsitinib,Breast,2.5,6.018375,0.11976829,2.593255635998225,0.007444356961578394
78093,SIDM01137,Trametinib,5-Fluorouracil,Pancreas,10.0,1.9685594,0.14991021,2.3409695133349477,0.007444356961578394
27553,SIDM00933,Vorinostat,5-Fluorouracil,Breast,2.5,0.40178555,0.04354124,-0.2668693069647827,0.007444356961578394
29732,SIDM00957,Trametinib,BMS-754807,Large Intestine,0.05,4.3595724,0.15397161,1.3711890543377694,0.007444356961578394
76919,SIDM01056,SB216763,Navitoclax,Breast,0.625,-2.0685482,-0.0904291,-0.6352757782558753,0.007444356961578394
19205,SIDM00826,Afatinib,BMS-754807,Large Intestine,0.05,1.5490469,0.044028126,0.18343262339058733,0.007444356961578394
69721,SIDM00882,PD173074,Docetaxel,Breast,0.00025,-0.48329246,-0.012884508,0.5291448702038165,0.007444356961578394
41377,SIDM00954,GSK269962A,Lapatinib,Breast,2.5,-2.0691388,-0.110524505,-0.5551746342945925,0.007444356961578394
59633,SIDM00629,Cisplatin,Docetaxel,Breast,0.001,0.37837118,0.0271451,-0.6293978558674915,0.007444356961578394
69833,SIDM00049,MK-1775,SB505124,Large Intestine,2.5,0.34042105,0.030635137,-0.37304224972305433,0.007444356961578394
61147,SIDM01197,MK-1775,BMS-754807,Large Intestine,0.05,-1.6921015,-0.05499752,-0.6804433005825195,0.007444356961578394
43721,SIDM01056,SB216763,Luminespib,Breast,0.01,-1.8021215,-0.07909363,0.7541227858374208,0.007444356961578394
34266,SIDM00680,SCH772984,AZD4547,Large Intestine,10.0,-2.3292234,-0.14709711,-0.613058841922189,0.007444356961578394
15416,SIDM01186,KU-55933,Navitoclax,Breast,0.625,-2.6178782,-0.14623593,0.46929219494588337,0.007444356961578394
35922,SIDM00537,Afatinib,5-Fluorouracil,Large Intestine,10.0,2.0039454,0.088676564,0.8285716865939243,0.007444356961578394
78448,SIDM00122,AZD6482,Olaparib,Breast,10.0,-0.48317513,-0.049714785,-1.1980289285235233,0.007444356961578394
70108,SIDM00498,Dabrafenib,Crizotinib,Large Intestine,0.625,-0.47070464,-0.024477059,-0.4498257301419627,0.007444356961578394
39732,SIDM00834,AZD7762,Olaparib,Large Intestine,10.0,3.7125804,0.29427108,0.5565681557927987,0.007444356961578394
55249,SIDM01137,Olaparib,SCH772984,Pancreas,4.0,2.1086133,0.07542019,1.45858412582977,0.007444356961578394
47564,SIDM01135,Trametinib,SCH772984,Pancreas,1.0,1.5643418,0.1101549,-0.3484823020653165,0.007444356961578394
27808,SIDM00272,KU-55933,AZD7762,Breast,0.25,-1.2316655,-0.12670828,0.030480382225728856,0.007444356961578394
31865,SIDM00332,Palbociclib,Taselisib,Breast,1.0,-0.6044828,-0.04560129,-0.20787044362948093,0.007444356961578394
22809,SIDM01186,Paclitaxel,Axitinib,Breast,4.0,-1.4191387,-0.07796335,-0.8761751146390386,0.007444356961578394
35636,SIDM00529,KU-55933,Temozolomide,Breast,7.5,-1.8577164,-0.051855918,1.8936691899645064,0.007444356961578394
68200,SIDM00628,Docetaxel,Temozolomide,Breast,7.5,-1.0924467,-0.11491853,-0.1138165196946617,0.007444356961578394
4050,SIDM00673,Camptothecin,Cisplatin,Breast,4.0,1.6301808,0.19556761,-0.027954901220924117,0.007444356961578394
57942,SIDM00884,AZD8055,MK-2206,Breast,1.0,-1.8861592,-0.10104246,-0.41728234956977445,0.007444356961578394
10808,SIDM00097,Bortezomib,Cisplatin,Breast,4.0,-2.3254802,-0.07342985,-2.1021115546571574,0.007444356961578394
29206,SIDM00272,Pictilisib,Cisplatin,Breast,4.0,-1.3324305,-0.10460764,-0.4540854526828443,0.007444356961578394
5234,SIDM00528,Alisertib,Luminespib,Breast,0.01,-2.513855,-0.17379363,1.7981826529714613,0.007444356961578394
46219,SIDM00884,KU-55933,Luminespib,Breast,0.01,-1.7013011,-0.11992479,0.22012138596748282,0.007444356961578394
4233,SIDM00529,Taselisib,Luminespib,Breast,0.01,-1.790638,-0.1155939,-0.18347367199107398,0.007444356961578394
34510,SIDM00629,Ribociclib,OSI-027,Breast,1.0,-1.7983577,-0.105522744,1.5200011164473801,0.007444356961578394
1009,SIDM00314,Crizotinib,Cisplatin,Breast,1.0,-2.0843086,-0.077143066,0.7515634478323336,0.007444356961578394
39050,SIDM00885,SCH772984,Trametinib,Breast,0.1,3.4318473,0.0901715,0.5667090715160364,0.007444356961578394
58259,SIDM00783,Palbociclib,Oxaliplatin,Large Intestine,1.0,-1.7257313,-0.04905761,-0.4309855238401936,0.007444356961578394
5730,SIDM01042,Camptothecin,MK-1775,Breast,0.625,1.8032986,0.1585119,-1.5928843975885125,0.007444356961578394
