Library,Anchor,R2
Cisplatin,Palbociclib,0.8348046596915829
Cisplatin,5-Fluorouracil,0.8152452210797946
Palbociclib,Docetaxel,0.8144198070457745
Cisplatin,Sorafenib,0.8123787719535516
Dabrafenib,Gemcitabine,0.8003009812291473
Camptothecin,Pictilisib,0.7984323683966591
Temozolomide,PD173074,0.7938984085239534
Dabrafenib,Cisplatin,0.7932516477692573
BI-2536,Linsitinib,0.7879126269157658
Cisplatin,SCH772984,0.7850537423503863
Palbociclib,Vorinostat,0.778277841369747
Cisplatin,LGK974,0.7728613826797086
Irinotecan,Paclitaxel,0.7691595869673032
Cisplatin,PD173074,0.765847982361295
Camptothecin,5-Fluorouracil,0.7628285035025206
5-Fluorouracil,Gemcitabine,0.7620686767121033
Camptothecin,PD173074,0.7606745567384525
BI-2536,Axitinib,0.752978432144424
BI-2536,Palbociclib,0.7509030847204163
Camptothecin,Lapatinib,0.7466572423973932
NU7441,Taselisib,0.7457566324964379
Camptothecin,Palbociclib,0.7407954676439104
Axitinib,Pictilisib,0.7398402182791158
Tozasertib,5-Fluorouracil,0.7358801974310976
PD173074,Cisplatin,0.7303670418327839
Tozasertib,Axitinib,0.7296014665023938
Dasatinib,Sorafenib,0.7291310198235734
Nutlin-3a (-),Palbociclib,0.7288229558182712
Dasatinib,Trametinib,0.7222465486647827
MK-2206,Lapatinib,0.7199536809784776
Cisplatin,Dasatinib,0.7198370676407779
Trametinib,Vinorelbine,0.7171347200632987
Gemcitabine,Palbociclib,0.7146512722602965
Camptothecin,Axitinib,0.7113045435129633
Dabrafenib,Bortezomib,0.7094879735520552
Gemcitabine,PD173074,0.709130466148757
5-Fluorouracil,Erlotinib,0.7079215815396668
Irinotecan,Palbociclib,0.7066956671560969
Irinotecan,Sorafenib,0.7044375248258531
KU-55933,Gemcitabine,0.70320241045296
Cisplatin,Paclitaxel,0.7029874991918074
Camptothecin,Docetaxel,0.7015417695714168
Temozolomide,Palbociclib,0.7007402575181698
Lapatinib,Crizotinib,0.7001079370198029
Lapatinib,MK-2206,0.6973346604134029
Cisplatin,Crizotinib,0.6960247469627252
GSK269962A,Pictilisib,0.6932546453239687
Temozolomide,Cisplatin,0.6873522331749173
Lapatinib,Linsitinib,0.6873443204783621
Erlotinib,Trametinib,0.6867379019983304
SCH772984,Lapatinib,0.6855172289297088
Dabrafenib,Docetaxel,0.6854927487524792
Temozolomide,Crizotinib,0.685488525115513
Dabrafenib,Pictilisib,0.6847686041981909
LGK974,Trametinib,0.6842540207309025
Nutlin-3a (-),MK-1775,0.6839288060127755
Pictilisib,MK-2206,0.6836991096931201
Nutlin-3a (-),AZD8055,0.6823951302661375
Temozolomide,Navitoclax,0.6817103983701005
Entinostat,Navitoclax,0.6815749829914369
Pictilisib,Taselisib,0.6809516882915619
Palbociclib,Cisplatin,0.6802566559390871
Ribociclib,Crizotinib,0.6794417595183015
Cisplatin,Irinotecan,0.6783988496230609
Temozolomide,OSI-027,0.677102967670465
BI-2536,Crizotinib,0.6770819674818509
AZD4547,BMS-754807,0.6762277300475853
Pictilisib,Lapatinib,0.6744199835050979
Dasatinib,MK-1775,0.6726521582736096
Oxaliplatin,SCH772984,0.6722984236969649
Cisplatin,Trametinib,0.6717499609411663
KU-55933,Temozolomide,0.6707090639920522
Dasatinib,Paclitaxel,0.6702764606545739
Erlotinib,MK-1775,0.6691569588134885
Vinorelbine,LGK974,0.6689702940841757
Afatinib,Pictilisib,0.6689603143896651
Dasatinib,SCH772984,0.6686618603803121
NU7441,Lapatinib,0.6681739670198261
Ruxolitinib,Paclitaxel,0.6677275725791052
AZD6482,5-Fluorouracil,0.6650110093442956
Temozolomide,Axitinib,0.6628993255780278
Tozasertib,Gemcitabine,0.6622241105020001
SB505124,Nutlin-3a (-),0.6606868345729922
Temozolomide,Bortezomib,0.6585453261180865
Erlotinib,Dactolisib,0.6581855970239421
5-Fluorouracil,MK-2206,0.656970340041315
Nutlin-3a (-),5-Fluorouracil,0.6567877365841316
MK-2206,Vinorelbine,0.6556932409370566
Cisplatin,Pictilisib,0.6539948369839523
AZD7762,Trametinib,0.6524839226532866
AZD4547,Afatinib,0.6503459281486752
Linsitinib,Pictilisib,0.6501408141705787
Dabrafenib,MK-1775,0.6498290500127633
Ribociclib,OSI-027,0.6497618056456157
AZD7762,Palbociclib,0.6496400930812181
Irinotecan,5-Fluorouracil,0.6492885005422386
Linsitinib,BMS-754807,0.6486511189874855
Palbociclib,MK-1775,0.6485354044303309
Camptothecin,MK-2206,0.6474334082341604
Dasatinib,Irinotecan,0.6473990279799116
AZD6482,Crizotinib,0.6473379147868383
Doramapimod,5-Fluorouracil,0.645537960272651
AZD4547,Vinorelbine,0.6453863480416034
Camptothecin,OSI-027,0.6436854947795294
Cisplatin,Taselisib,0.6422822980577958
Palbociclib,Lapatinib,0.6417380988158586
Dasatinib,5-Fluorouracil,0.6402542588986277
LGK974,BMS-754807,0.6398103196506582
Camptothecin,AZD8055,0.6392736939735306
Temozolomide,Pictilisib,0.638715883423369
Lapatinib,Taselisib,0.6379996730838912
BMS-754807,Olaparib,0.6379559279547034
PD173074,Olaparib,0.637666540988738
BMS-754807,AZD8055,0.6362842466070806
Cisplatin,MK-2206,0.6360799201342796
RO-3306,MK-2206,0.6348341084763596
MK-2206,Nutlin-3a (-),0.6340912934016391
AZD4547,MK-1775,0.6338984399971913
Gemcitabine,Dactolisib,0.6337109009803524
JQ1,Lapatinib,0.6315138213169864
AZD4547,Trametinib,0.6311059279777896
BI-2536,Gemcitabine,0.6311000272654164
Gemcitabine,SCH772984,0.6292031591966961
Temozolomide,5-Fluorouracil,0.6283066395322674
GSK269962A,MK-1775,0.6257166733715889
Nutlin-3a (-),PD173074,0.6247444596792423
Cisplatin,Erlotinib,0.6247204613348677
ZM447439,Taselisib,0.6244511117614033
Afatinib,MK-2206,0.6232879358452912
ZM447439,5-Fluorouracil,0.6221814449929717
Dasatinib,Gemcitabine,0.6215260045322741
Taselisib,SCH772984,0.6207914924724964
Ribociclib,Gemcitabine,0.6207427501670544
Dactolisib,SCH772984,0.6206425808457643
Camptothecin,Gemcitabine,0.6205023204054605
SCH772984,5-Fluorouracil,0.6194463486784656
Ruxolitinib,Trametinib,0.6193960931203739
Erlotinib,Sorafenib,0.6188561051000251
Ruxolitinib,OSI-027,0.6172837839224603
Cisplatin,Axitinib,0.6170827358032432
SCH772984,Temozolomide,0.6170172565280054
AZD7762,Afatinib,0.616971065923844
Cisplatin,Lapatinib,0.6168972266880419
Uprosertib,Crizotinib,0.6159621615623625
Dabrafenib,Vorinostat,0.6155562489942299
MK-2206,Palbociclib,0.6147532469182757
Olaparib,Cisplatin,0.6143551710616862
NU7441,MK-2206,0.6140199023108757
Linsitinib,Taselisib,0.6133521576237921
Dasatinib,Dactolisib,0.6125182264503022
Dasatinib,LGK974,0.6114397180516502
Temozolomide,Nutlin-3a (-),0.6113835446394676
Venetoclax,Docetaxel,0.6113407646424123
SCH772984,Vinorelbine,0.6113363615799633
Ribociclib,Axitinib,0.6112179667037699
Gemcitabine,Linsitinib,0.6104036074363801
Trametinib,Crizotinib,0.6097963988953068
Tozasertib,Crizotinib,0.6087786098563996
LGK974,AZD8055,0.6079451837658563
Vinorelbine,MK-2206,0.6072469945084383
SCH772984,Pictilisib,0.6069137824282005
Irinotecan,MK-2206,0.6064548583323024
MK-2206,AZD8055,0.6063991804246092
Cisplatin,Docetaxel,0.6057656164433243
BI-2536,Cisplatin,0.6056358540363151
Camptothecin,Taselisib,0.6049831222075972
LGK974,Oxaliplatin,0.6046834957664782
Venetoclax,Nutlin-3a (-),0.6039839294306735
Doramapimod,Gemcitabine,0.6037368066831656
PD173074,Gemcitabine,0.6024072748406446
Tozasertib,Cisplatin,0.6023088830101682
Gemcitabine,Pictilisib,0.6019887019923833
Ruxolitinib,SCH772984,0.6019350188188464
Venetoclax,OSI-027,0.6018985996142172
Cisplatin,Temozolomide,0.6016078192526337
5-Fluorouracil,Taselisib,0.6011238065605502
Nutlin-3a (-),Axitinib,0.5993690344160154
Trametinib,Oxaliplatin,0.598193770710452
Doramapimod,Nutlin-3a (-),0.5980062803724358
MK-2206,Trametinib,0.5979664874829458
SCH772984,Taselisib,0.597249550716421
SCH772984,MK-2206,0.597154980113337
MK-2206,Pictilisib,0.5969253880758724
AZD7762,Axitinib,0.5966503450379562
Gemcitabine,Sorafenib,0.5966463654787252
5-Fluorouracil,Cisplatin,0.5964954272787695
PD173074,Navitoclax,0.5961596389562109
MK-2206,Dabrafenib,0.5961364813873753
BMS-754807,Linsitinib,0.5960568483594193
Erlotinib,LGK974,0.5945762124612393
MK-2206,Afatinib,0.5942840851436771
SCH772984,Nutlin-3a (-),0.5931712048772939
Dasatinib,Oxaliplatin,0.5927812354377286
BMS-754807,Taselisib,0.5927606847464167
Camptothecin,Nutlin-3a (-),0.5925609184747909
Cisplatin,Dactolisib,0.5923947448950748
Vinorelbine,Nutlin-3a (-),0.5916357093217806
Cisplatin,Navitoclax,0.5916331505166263
KU-55933,Cisplatin,0.5915063132175546
PD173074,Taselisib,0.5913272599876858
AZD4547,AZD7762,0.5903574541310592
Erlotinib,OSI-027,0.5899619741871747
BMS-754807,Trametinib,0.5881718718356708
Trametinib,BMS-754807,0.5881100202675216
Trametinib,Docetaxel,0.5876067771337229
Camptothecin,Crizotinib,0.5875601541546402
Ribociclib,MK-2206,0.587515766738203
Venetoclax,Gemcitabine,0.5867588408407625
5-Fluorouracil,SCH772984,0.586541643248973
KU-55933,Trametinib,0.5862606466673627
Navitoclax,Afatinib,0.5860822131363799
Ribociclib,MK-1775,0.5860214363906402
MK-2206,5-Fluorouracil,0.585731347510577
AZD7762,Nutlin-3a (-),0.5847785643039446
Gemcitabine,Nutlin-3a (-),0.5844556910959022
BI-2536,MK-1775,0.5841936960854224
AZD4547,AZD8055,0.5836911780713032
PD173074,Nutlin-3a (-),0.5835558749109617
Ruxolitinib,Dactolisib,0.582847747471603
AZD7762,Oxaliplatin,0.5828334459183732
Alisertib,Axitinib,0.582759438436079
Paclitaxel,Pictilisib,0.5826924001879131
Olaparib,Gemcitabine,0.5826333030626605
Cisplatin,Ruxolitinib,0.5824341392224992
5-Fluorouracil,Palbociclib,0.5809707021668113
Gemcitabine,Axitinib,0.580858248330981
Ruxolitinib,Taselisib,0.5808159658421752
Nutlin-3a (-),Crizotinib,0.5806435503717908
SCH772984,AZD8055,0.5801291634485701
MK-2206,Camptothecin,0.5798767032958644
Alpelisib,PD173074,0.5797864675722644
AZD7762,Linsitinib,0.5790856103891723
Taselisib,Pictilisib,0.5787563767353328
Sorafenib,Cisplatin,0.5787225980447013
Entinostat,Pictilisib,0.5786578276625537
Navitoclax,Irinotecan,0.5785506795276447
Venetoclax,Cisplatin,0.5785240849058494
Lapatinib,Pictilisib,0.5784261598677847
Crizotinib,Pictilisib,0.5781954851295288
Vinorelbine,Taselisib,0.5772339360284569
Dasatinib,AZD7762,0.5769006807253035
LGK974,AZD4547,0.5762621916925024
Doramapimod,Axitinib,0.5758947158275878
SCH772984,Crizotinib,0.575802053116443
Axitinib,Navitoclax,0.5752134322674876
Palbociclib,Axitinib,0.5751230198932307
ZM447439,Linsitinib,0.5750132258683279
Olaparib,OSI-027,0.5744127058383532
Palbociclib,5-Fluorouracil,0.5737842172979579
Erlotinib,Palbociclib,0.5734917346300954
Tozasertib,Palbociclib,0.5725738179190507
Tozasertib,Navitoclax,0.572544121602254
Nilotinib,Linsitinib,0.5720480371609665
AZD7762,MK-1775,0.571812073396837
Dasatinib,OSI-027,0.5714751641323761
Palbociclib,AZD7762,0.5714475418673199
Nutlin-3a (-),Afatinib,0.5713193001161464
AZD8055,Axitinib,0.5711519632016113
BMS-754807,Vinorelbine,0.5710878680339775
OSI-027,SCH772984,0.5709857998696908
Venetoclax,PD173074,0.5704595393581173
LGK974,MK-1775,0.5704104369511745
Linsitinib,OSI-027,0.5702706104021777
AZD8055,Linsitinib,0.5693757539350639
Linsitinib,Palbociclib,0.5692970922900094
Linsitinib,MK-2206,0.5688115294967393
LGK974,Paclitaxel,0.5681072263439442
LGK974,SCH772984,0.5679651337309748
Erlotinib,Linsitinib,0.5673718350617563
AZD7762,Temozolomide,0.5670576142936801
Linsitinib,Bortezomib,0.567008116461905
Nutlin-3a (-),Camptothecin,0.5665510084878764
Irinotecan,MK-1775,0.5665431373700772
Pictilisib,Linsitinib,0.5664827709174565
Linsitinib,AZD8055,0.5653905587249747
Oxaliplatin,OSI-027,0.5651642290333018
BMS-754807,AZD4547,0.564719652488946
Irinotecan,Lapatinib,0.564660161276002
AZD7762,AZD8055,0.5644747418793866
Oxaliplatin,Trametinib,0.5643355646066414
Lapatinib,Palbociclib,0.5641784929289307
KU-55933,MK-1775,0.5633600059535535
Ribociclib,Bortezomib,0.5622997645048025
5-Fluorouracil,Dactolisib,0.5618312289188607
Palbociclib,Trametinib,0.561715654124169
LGK974,Vinorelbine,0.5613128008576262
AZD8055,Cisplatin,0.5612825744878123
Navitoclax,Sorafenib,0.561205296809289
NU7441,Vorinostat,0.5608500777020688
Navitoclax,Lapatinib,0.5605021518546833
Lapatinib,Navitoclax,0.5588447321690111
5-Fluorouracil,Axitinib,0.5584574996867445
Afatinib,Vinorelbine,0.5584218728512171
MK-2206,Crizotinib,0.5583512439788079
Temozolomide,Trametinib,0.5579363321805269
Bortezomib,Cisplatin,0.5579327342516546
Entinostat,PD173074,0.5577969162059833
JQ1,OSI-027,0.5573302939859128
AZD6482,Navitoclax,0.5572044184953213
PD173074,Docetaxel,0.557171465396828
AZD7762,Cisplatin,0.5569282087398225
Doramapimod,MK-1775,0.5569125761815217
BMS-754807,MK-1775,0.5568746619047267
AZD6482,Palbociclib,0.5562942278539721
Doramapimod,Docetaxel,0.555921414160512
Venetoclax,Vorinostat,0.5559138452733656
Taselisib,Afatinib,0.5558540951472192
PD173074,Linsitinib,0.5550564449414471
AZD7762,MK-2206,0.5541492794523473
MK-2206,SCH772984,0.5541282650355197
BI-2536,MK-2206,0.5539921175589891
Olaparib,Dactolisib,0.5536947123522623
AZD7762,Vorinostat,0.5535489424036006
Temozolomide,MK-2206,0.5511885978803939
Temozolomide,MK-1775,0.5511783948845072
Nutlin-3a (-),Vinorelbine,0.5511661653061891
Nutlin-3a (-),AZD7762,0.5511144397194806
AZD8055,Taselisib,0.5507335576623975
Trametinib,MK-2206,0.5504542292943683
Navitoclax,Nutlin-3a (-),0.5501428290175123
MK-2206,Irinotecan,0.5500854512372895
Camptothecin,Luminespib,0.5499971437543743
GSK269962A,PD173074,0.5499643317860534
Axitinib,Lapatinib,0.5499541849606786
Linsitinib,Crizotinib,0.5491809908255021
Camptothecin,Temozolomide,0.5489633056262375
Entinostat,MK-1775,0.5480443315650897
SB505124,Afatinib,0.5466485728771541
ZM447439,Cisplatin,0.5462280578953649
Irinotecan,Olaparib,0.5461556694265518
AZD7762,Dabrafenib,0.5461205655129346
Axitinib,OSI-027,0.5454967599045162
Alisertib,Navitoclax,0.5452269311985942
Entinostat,Axitinib,0.5449723100613799
NU7441,Pictilisib,0.544947385074847
PD173074,Lapatinib,0.5449348247176287
Cisplatin,Bortezomib,0.5446795479365214
Palbociclib,Nutlin-3a (-),0.5444297482787717
Doramapimod,AZD7762,0.5443233894526289
Taselisib,BMS-754807,0.5441281585204695
KU-55933,Docetaxel,0.544007579979189
Temozolomide,Vorinostat,0.5440049665088756
Palbociclib,BMS-754807,0.5435401217601514
Afatinib,5-Fluorouracil,0.5434419963642778
Temozolomide,Taselisib,0.5433091865580502
Linsitinib,Cisplatin,0.5417938912015978
Olaparib,Palbociclib,0.5416076626574994
Docetaxel,MK-1775,0.5406559198452232
Ruxolitinib,Lapatinib,0.5400809971727681
Docetaxel,5-Fluorouracil,0.5397273583001495
Navitoclax,Oxaliplatin,0.5397106391261708
MK-1775,Cisplatin,0.539694749980177
Dasatinib,Crizotinib,0.5396576513358693
Taselisib,Dabrafenib,0.5394179816018451
AZD4547,5-Fluorouracil,0.5393609569200141
Cisplatin,Oxaliplatin,0.5388684819773046
Palbociclib,OSI-027,0.5386767658579186
Oxaliplatin,Taselisib,0.5384778313160806
LGK974,Crizotinib,0.5384689194040972
Camptothecin,BMS-754807,0.5383880997249242
Ribociclib,Pictilisib,0.5382455214587019
SB505124,5-Fluorouracil,0.5382247726326488
Docetaxel,OSI-027,0.5381864660171799
Crizotinib,Navitoclax,0.5381322515481677
Camptothecin,Bortezomib,0.5375459093279602
Olaparib,MK-1775,0.5375255988359114
BMS-754807,Camptothecin,0.5371877718463954
Temozolomide,Olaparib,0.5364500786949171
MK-1775,Dabrafenib,0.5363609886823649
Olaparib,AZD8055,0.5361446652207326
Uprosertib,Lapatinib,0.5361055253363349
SB505124,Oxaliplatin,0.535277000814375
Ribociclib,Docetaxel,0.5349714520025919
Dactolisib,Dasatinib,0.534927036518144
Doramapimod,Olaparib,0.5345200437350923
ZM447439,Navitoclax,0.5344549360046736
Olaparib,SCH772984,0.5340508487248422
Dabrafenib,Taselisib,0.533744621592589
Lapatinib,Trametinib,0.5330150022031899
RO-3306,MK-1775,0.5327970031888803
Bortezomib,Taselisib,0.5322204627252568
Ribociclib,PD173074,0.5319941331392151
ZM447439,OSI-027,0.5317347364629995
AZD4547,Taselisib,0.5313835631866698
Linsitinib,MK-1775,0.530817743508507
Camptothecin,Trametinib,0.53077316074639
Paclitaxel,Dactolisib,0.5303601123643147
PF-4708671,Nutlin-3a (-),0.5299880211113456
Dactolisib,OSI-027,0.5299844913317431
SCH772984,Axitinib,0.5295634621476928
Trametinib,AZD8055,0.5287080320889634
BI-2536,Nutlin-3a (-),0.5286659127775375
Nutlin-3a (-),Pictilisib,0.5283936318179607
Cisplatin,AZD7762,0.5282214410507454
Venetoclax,Lapatinib,0.5280196867634588
Irinotecan,Dasatinib,0.5280035290391997
Paclitaxel,Palbociclib,0.5277337052618185
AZD7762,Pictilisib,0.527522551971192
NU7441,Navitoclax,0.5273568656339622
Tozasertib,Lapatinib,0.5271454728901628
NU7441,MK-1775,0.5263495188574872
Doramapimod,Taselisib,0.5258703435395862
Nutlin-3a (-),Oxaliplatin,0.5257680164670173
Doramapimod,Pictilisib,0.5257417824967976
AZD7762,Olaparib,0.5254100175448964
RO-3306,Trametinib,0.5254072069603808
Olaparib,Sorafenib,0.5252338187846899
MK-2206,AZD4547,0.525008781401473
Olaparib,Trametinib,0.5247874757766429
Navitoclax,Cisplatin,0.5247314882891794
AZD4547,SCH772984,0.5245180012724232
AZD6482,Nutlin-3a (-),0.524496703388518
Axitinib,MK-1775,0.5244818172395163
SB505124,AZD4547,0.5242271724408332
Cisplatin,OSI-027,0.5241222469044329
ZM447439,Pictilisib,0.5240773388957467
AZD8055,Gemcitabine,0.5234508430455123
Venetoclax,Navitoclax,0.5230307750632361
MK-1775,Olaparib,0.5229212023706695
Vinorelbine,AZD8055,0.5221783975322094
Docetaxel,Vorinostat,0.5220146195316642
Dabrafenib,AZD4547,0.5217748746296798
PD173074,OSI-027,0.5214427531345553
Palbociclib,Gemcitabine,0.5213579077606039
5-Fluorouracil,Olaparib,0.5209100986831052
Dasatinib,Erlotinib,0.5208465355081944
Crizotinib,Luminespib,0.5205812177428363
Gemcitabine,5-Fluorouracil,0.519934435861267
PF-4708671,Crizotinib,0.5196062246080895
Venetoclax,Axitinib,0.5195867129529892
Axitinib,Nutlin-3a (-),0.519558652035855
Erlotinib,Ruxolitinib,0.5192497555963961
Dactolisib,5-Fluorouracil,0.5191689148260131
LGK974,5-Fluorouracil,0.5188836232615386
Ribociclib,5-Fluorouracil,0.5187031853641572
JQ1,MK-1775,0.5186639471970197
NU7441,Cisplatin,0.5180815435824611
AZD7762,Taselisib,0.5173020214821946
Dabrafenib,MK-2206,0.516556118658379
Paclitaxel,Dasatinib,0.5163092164848767
MK-1775,Afatinib,0.5156100186684622
Olaparib,Dasatinib,0.5154835692837871
Alisertib,Pictilisib,0.5149927188286336
Trametinib,Nutlin-3a (-),0.5148981351359699
AZD8055,Temozolomide,0.5146884328572723
Erlotinib,Irinotecan,0.5143963906566231
Oxaliplatin,5-Fluorouracil,0.5143279422800893
SCH772984,AZD7762,0.513561257406451
ZM447439,Gemcitabine,0.5133212623864692
Palbociclib,PD173074,0.5132387162741757
Afatinib,Taselisib,0.5131190137128929
Docetaxel,Lapatinib,0.5130842818257824
Palbociclib,Sorafenib,0.5129059134990392
Ribociclib,AZD7762,0.5125739580042332
SCH772984,Cisplatin,0.5125222350870664
RO-3306,Taselisib,0.5121902237658752
SCH772984,Dabrafenib,0.5116010725082328
Trametinib,PD173074,0.5110849859558131
MK-2206,MK-1775,0.510063177381818
Vorinostat,Axitinib,0.5096251365831788
Linsitinib,AZD4547,0.5095994958065864
Docetaxel,Nutlin-3a (-),0.5093160496956094
Linsitinib,Irinotecan,0.5085327527767207
Nutlin-3a (-),MK-2206,0.5084563044746786
Trametinib,Taselisib,0.5082411968626903
Bortezomib,Crizotinib,0.5079525100390248
5-Fluorouracil,BMS-754807,0.5076676656870545
Linsitinib,Oxaliplatin,0.5073839803713076
ZM447439,Vorinostat,0.5072927905683275
Linsitinib,Luminespib,0.5071569974785689
Ribociclib,Nutlin-3a (-),0.5065878768286833
PD173074,Pictilisib,0.5065632668690973
Camptothecin,Vinorelbine,0.5064206821448558
Palbociclib,Crizotinib,0.5061982145769893
Temozolomide,Lapatinib,0.5061791887076874
Dasatinib,Linsitinib,0.5060642227806
Alpelisib,Navitoclax,0.5060246088643243
Cisplatin,Nutlin-3a (-),0.5059500298709803
AZD4547,Crizotinib,0.5058564207329677
AZD7762,Gemcitabine,0.5056576065933822
Camptothecin,AZD4547,0.5042420751032282
Axitinib,AZD7762,0.504173943753236
NU7441,OSI-027,0.5040557844639291
Doramapimod,Trametinib,0.503998947571587
Uprosertib,Navitoclax,0.5030133040456165
Trametinib,Pictilisib,0.5029571165854374
Dactolisib,Olaparib,0.5025024863734306
Camptothecin,MK-1775,0.5023912765438114
Trametinib,MK-1775,0.501535426991542
Venetoclax,Pictilisib,0.5014410424604817
BI-2536,5-Fluorouracil,0.5008525923632058
Dabrafenib,Trametinib,0.5005939286315959
Camptothecin,Vorinostat,0.500548761453284
Palbociclib,Afatinib,0.5001677046022144
OSI-027,Oxaliplatin,0.49989358780812976
Docetaxel,Pictilisib,0.49941975310314235
Oxaliplatin,Dabrafenib,0.499331745093354
Vinorelbine,Palbociclib,0.4990309559884277
Erlotinib,AZD7762,0.49895125604989776
SCH772984,MK-1775,0.4989420922553812
Olaparib,Axitinib,0.4988241691093973
Dabrafenib,Oxaliplatin,0.49872685928287963
Erlotinib,Cisplatin,0.4986955152383289
AZD6482,MK-2206,0.49869348431075433
OSI-027,Dasatinib,0.4986755940211577
Dabrafenib,OSI-027,0.4985877842800005
Palbociclib,Pictilisib,0.49840629672192205
Alpelisib,MK-1775,0.4983274340739745
Dabrafenib,5-Fluorouracil,0.4981044956218279
AZD8055,OSI-027,0.4980854875398578
Navitoclax,Taselisib,0.49768429799231617
Doramapimod,Linsitinib,0.49745715211497665
Camptothecin,Linsitinib,0.49740615247237085
BMS-754807,SCH772984,0.4974002594979948
Gemcitabine,Paclitaxel,0.4972052235150296
Erlotinib,Crizotinib,0.4971532317141856
Entinostat,MK-2206,0.4966435019381019
Gemcitabine,Lapatinib,0.4964966400224199
Trametinib,AZD7762,0.496334459458867
SCH772984,Trametinib,0.49601300160663275
Axitinib,Vorinostat,0.49549834984531504
SCH772984,LGK974,0.4954622507848815
Ribociclib,Cisplatin,0.49500350822126127
Taselisib,AZD8055,0.49470912029859315
BI-2536,Vorinostat,0.4940879748133338
Nutlin-3a (-),Taselisib,0.49383632478937145
SCH772984,OSI-027,0.4937680772901403
Cisplatin,MK-1775,0.4936899556545883
AZD7762,AZD4547,0.4932605966471304
AZD7762,PD173074,0.49308514955056626
AZD7762,OSI-027,0.49282697342689663
Bortezomib,Nutlin-3a (-),0.4927711086210079
SB505124,MK-2206,0.49260803895356176
ZM447439,MK-1775,0.4919615193271448
MK-1775,Palbociclib,0.49195241847912574
Trametinib,AZD4547,0.49192813216312825
Ruxolitinib,Crizotinib,0.4917705630463305
Entinostat,Docetaxel,0.4915402100256486
Trametinib,Palbociclib,0.490899286928801
Sorafenib,Trametinib,0.4908023643375131
Irinotecan,Taselisib,0.49071337936770454
Afatinib,MK-1775,0.4905885945415317
Sorafenib,Oxaliplatin,0.4904612830758731
ZM447439,Lapatinib,0.49040043170508774
Ribociclib,Trametinib,0.4903033125780988
MK-2206,Dasatinib,0.4902419776642285
Cisplatin,Vorinostat,0.4900730157202414
Dabrafenib,AZD8055,0.48993914733793587
5-Fluorouracil,Bortezomib,0.489818850972233
Navitoclax,5-Fluorouracil,0.4898074385878203
BMS-754807,Crizotinib,0.48972000790695636
Venetoclax,AZD7762,0.48919677059868816
Doramapimod,OSI-027,0.48841642285460374
Olaparib,Bortezomib,0.4882096285322407
MK-1775,Dasatinib,0.4880828469980283
Taselisib,Erlotinib,0.487703111947432
AZD8055,Vorinostat,0.4874518664478462
Dasatinib,Taselisib,0.4869237288060597
Temozolomide,AZD7762,0.4867988807411594
Vinorelbine,Oxaliplatin,0.4867684234859252
NU7441,Axitinib,0.4867657035946734
Olaparib,BMS-754807,0.4865080827618262
ZM447439,MK-2206,0.48637453128387054
Linsitinib,PD173074,0.4863161386455117
Ribociclib,Taselisib,0.4858525630767905
Gemcitabine,Taselisib,0.48558311772694474
PD173074,Trametinib,0.4852118824881362
AZD8055,MK-2206,0.4851347363788303
Taselisib,Trametinib,0.48454516426492367
Bortezomib,Docetaxel,0.48431927177137146
SCH772984,Gemcitabine,0.4837821583853982
Dactolisib,Linsitinib,0.48353403747074386
Nilotinib,MK-1775,0.4834926016975739
Gemcitabine,Crizotinib,0.4834486762254526
Crizotinib,AZD8055,0.48288674448970215
Erlotinib,Navitoclax,0.4827818988244573
MK-2206,Dactolisib,0.4826981839538965
Ruxolitinib,Palbociclib,0.4823874462887283
Irinotecan,Dactolisib,0.4819367877029216
AZD4547,Palbociclib,0.4815762238254714
AZD8055,Oxaliplatin,0.4813685100963364
AZD6482,Linsitinib,0.4813049526753769
SCH772984,Navitoclax,0.4812724846577022
Nutlin-3a (-),OSI-027,0.4806766543976051
Tozasertib,Taselisib,0.48035782448894115
Irinotecan,Cisplatin,0.4800406568357194
Dabrafenib,Luminespib,0.479693875002692
Palbociclib,Vinorelbine,0.47947806308546503
Gemcitabine,MK-1775,0.47937265533420803
Wee1 Inhibitor,OSI-027,0.47908504064847357
Nutlin-3a (-),Docetaxel,0.4789169617410123
MK-1775,Vinorelbine,0.47845682152005387
Nilotinib,Gemcitabine,0.47792237412864125
Ruxolitinib,MK-1775,0.477689450974337
Ruxolitinib,Linsitinib,0.47745535495725466
Luminespib,Lapatinib,0.477294131122467
Doramapimod,Crizotinib,0.47723456329732694
Cisplatin,Olaparib,0.4770085256729413
AZD6482,Trametinib,0.47635365947700936
Uprosertib,Trametinib,0.4762895475473288
Paclitaxel,Taselisib,0.47624015019087285
MK-1775,SCH772984,0.47621107977843513
Erlotinib,Dasatinib,0.4759603220355435
Olaparib,Dabrafenib,0.47596003680655263
Afatinib,AZD8055,0.47587554508738206
Dabrafenib,Axitinib,0.4753998289337946
Lapatinib,Dasatinib,0.47488718324097856
OSI-027,Trametinib,0.47459566844141887
KU-55933,MK-2206,0.47443707324792983
Alisertib,Nutlin-3a (-),0.4744201457954833
Palbociclib,AZD8055,0.4739239170575902
Olaparib,Crizotinib,0.47381342976021135
Gemcitabine,OSI-027,0.4735341991483133
Dabrafenib,Vinorelbine,0.47321177154584504
Lapatinib,MK-1775,0.47317776193153605
Bortezomib,Pictilisib,0.4729965982743506
Navitoclax,MK-2206,0.4728462754700059
Alpelisib,Nutlin-3a (-),0.4727192289784413
AZD4547,Oxaliplatin,0.4718517353648196
MK-1775,BMS-754807,0.4718366836499144
Pictilisib,Nutlin-3a (-),0.4716976149256946
Olaparib,Paclitaxel,0.4715897159678273
Tozasertib,Temozolomide,0.47151694720164516
Alpelisib,Taselisib,0.4713868651538877
Ruxolitinib,5-Fluorouracil,0.4707270645021706
Entinostat,Taselisib,0.47061685455545577
Tozasertib,Pictilisib,0.47028768466412096
BMS-754807,MK-2206,0.47008659364211725
GSK269962A,Palbociclib,0.4699080424754688
Alpelisib,Axitinib,0.4698846719071593
KU-55933,Olaparib,0.4698712460615381
Entinostat,Cisplatin,0.4695217420172607
Crizotinib,Dasatinib,0.4692087348869831
Doramapimod,Cisplatin,0.46911700147486946
Navitoclax,Olaparib,0.46877305217347187
Irinotecan,Trametinib,0.4685917641968663
Palbociclib,Olaparib,0.46853539348866236
KU-55933,Taselisib,0.46850562198486523
BI-2536,Pictilisib,0.46835943834843197
Navitoclax,Trametinib,0.4679867961030172
GSK269962A,MK-2206,0.46733809744371635
Afatinib,Crizotinib,0.4669591290477516
Paclitaxel,Lapatinib,0.46694398941681414
PD173074,Palbociclib,0.46682024319397786
Crizotinib,Vorinostat,0.4668016822255776
Dabrafenib,Palbociclib,0.46678592981052636
Ribociclib,Luminespib,0.4665713947346447
Alpelisib,Cisplatin,0.4664734071613905
Ruxolitinib,Irinotecan,0.46621463321138756
AZD7762,Crizotinib,0.4662075026596283
Linsitinib,Afatinib,0.46618595162677645
BI-2536,PD173074,0.4658573111324832
Olaparib,Irinotecan,0.46565082049618156
Dabrafenib,Crizotinib,0.4656325792876722
AZD4547,Camptothecin,0.4646038881005573
Wee1 Inhibitor,Vorinostat,0.4645944520743447
AZD4547,Linsitinib,0.46444232189213686
Taselisib,Axitinib,0.46440687355608634
5-Fluorouracil,Afatinib,0.4636664636527206
SCH772984,Luminespib,0.46361359788752143
Palbociclib,Dabrafenib,0.46319177639969034
MK-1775,Trametinib,0.46302477745226744
SB505124,BMS-754807,0.4627499588167979
Taselisib,Ruxolitinib,0.4625555241927357
GSK269962A,Vorinostat,0.46242079373243716
Cisplatin,Luminespib,0.4621269092614928
Vorinostat,Navitoclax,0.46188404055675336
Camptothecin,AZD7762,0.4616929116269233
AZD8055,Trametinib,0.4615042476526354
Linsitinib,Lapatinib,0.4614575352846617
Erlotinib,Taselisib,0.4611502765140686
JQ1,Nutlin-3a (-),0.46108561507846013
Olaparib,Nutlin-3a (-),0.4608861918445126
AZD4547,Dabrafenib,0.46045774442601783
BMS-754807,AZD7762,0.4603405593733845
Oxaliplatin,Erlotinib,0.4602942131787974
Docetaxel,Gemcitabine,0.4600509986964765
SCH772984,BMS-754807,0.4596083573050014
AZD6482,AZD7762,0.45957450754648754
Linsitinib,Nutlin-3a (-),0.45949748234646726
Nutlin-3a (-),Trametinib,0.4594055231176972
MK-2206,Oxaliplatin,0.45939539077788416
AZD6482,Pictilisib,0.4593455800920997
PD173074,5-Fluorouracil,0.45927917382430117
ZM447439,Nutlin-3a (-),0.4591535076144555
AZD6482,MK-1775,0.4591367054039742
Irinotecan,Crizotinib,0.45865309076211846
Uprosertib,OSI-027,0.4586414448118812
AZD7762,SCH772984,0.45861357765149113
SB505124,Crizotinib,0.4585251131761603
Gemcitabine,Trametinib,0.4584200090327897
Crizotinib,Lapatinib,0.4583488894631744
SCH772984,Olaparib,0.4580117753230436
Irinotecan,Oxaliplatin,0.4579808938510529
Cisplatin,Linsitinib,0.4579272417424701
Pictilisib,5-Fluorouracil,0.45781206288020715
PD173074,Bortezomib,0.45776541423907113
Venetoclax,Bortezomib,0.4575560809306195
Alpelisib,MK-2206,0.45749297924126053
Palbociclib,Temozolomide,0.457266004267033
MK-1775,AZD8055,0.45659230251554406
Olaparib,Pictilisib,0.45658872342075507
Dactolisib,Taselisib,0.45651598658338843
GSK269962A,Taselisib,0.4560795108773874
PF-4708671,Vorinostat,0.4555891614361135
Dasatinib,Olaparib,0.4555034362611984
Dasatinib,MK-2206,0.455370997009647
AZD4547,Nutlin-3a (-),0.4549853456659665
SCH772984,Linsitinib,0.4545725292024203
BI-2536,Olaparib,0.4545120107858477
Ruxolitinib,Erlotinib,0.4544724782392975
NU7441,Nutlin-3a (-),0.45418367312271457
Navitoclax,AZD4547,0.45417434093195297
Linsitinib,Olaparib,0.4541419828928249
Venetoclax,Trametinib,0.454079069782807
Camptothecin,Dabrafenib,0.4538783558296441
MK-1775,AZD4547,0.4538734127596258
AZD7762,Dasatinib,0.4537841671680303
Gemcitabine,MK-2206,0.4536956884964283
Dasatinib,Navitoclax,0.45342770856177994
Sorafenib,AZD7762,0.45279301876335065
Dasatinib,Cisplatin,0.4527241225020048
AZD6482,Taselisib,0.4526223992478364
JQ1,Axitinib,0.45230509534795216
MK-1775,Dactolisib,0.45207622473520703
Crizotinib,Axitinib,0.4519717914763388
Alisertib,Crizotinib,0.4518282528616715
SB505124,Palbociclib,0.4517653380564214
Venetoclax,Crizotinib,0.45134763834580593
Camptothecin,SB505124,0.45109437940431485
Vinorelbine,AZD4547,0.45079954693945345
Trametinib,Linsitinib,0.45077192910409203
Paclitaxel,Axitinib,0.45038923828847033
Alisertib,Cisplatin,0.45017549420866076
Entinostat,Linsitinib,0.45014885811315886
Dabrafenib,Camptothecin,0.4500453959183017
BI-2536,AZD7762,0.44989170798652733
Uprosertib,MK-2206,0.44985326186821384
OSI-027,Gemcitabine,0.449362786304796
Palbociclib,MK-2206,0.4490301075964004
PF-4708671,Temozolomide,0.44887378230216657
PD173074,MK-1775,0.448734064227334
BI-2536,Taselisib,0.4484523271168147
PF-4708671,Gemcitabine,0.448348302980506
Lapatinib,OSI-027,0.44762206026491835
MK-1775,Ruxolitinib,0.4474784355152541
SB505124,AZD8055,0.44747245935889346
Navitoclax,Gemcitabine,0.44744163348160415
Vorinostat,Olaparib,0.44707091670363963
Trametinib,Erlotinib,0.4469032366738299
ZM447439,PD173074,0.44677612587801163
SCH772984,Camptothecin,0.4466906869946389
SB505124,Trametinib,0.446631646735134
Dactolisib,Trametinib,0.4461831774023337
Docetaxel,Bortezomib,0.44614028619607515
JQ1,Navitoclax,0.44541111089847896
5-Fluorouracil,Crizotinib,0.4452152066758953
Nilotinib,Temozolomide,0.444885776481473
KU-55933,Axitinib,0.4448329811081342
LGK974,Taselisib,0.4446655012590851
Dabrafenib,Lapatinib,0.4442256047964579
Oxaliplatin,Ruxolitinib,0.44417033780299897
MK-2206,Bortezomib,0.4440566257166285
Palbociclib,Dasatinib,0.4438242798374694
Sorafenib,Gemcitabine,0.443725218796299
Axitinib,Taselisib,0.44358851155855716
Navitoclax,Bortezomib,0.44342029653127746
Uprosertib,Pictilisib,0.4430928783544511
Docetaxel,MK-2206,0.4430104212502409
Navitoclax,Pictilisib,0.44288726305306103
SCH772984,Sorafenib,0.44285627601399524
Dabrafenib,AZD7762,0.44266320258133873
Nutlin-3a (-),Cisplatin,0.44235372143986573
RO-3306,Olaparib,0.4422738756522012
LGK974,OSI-027,0.44213097865567486
Sorafenib,Dactolisib,0.4419061562586366
Paclitaxel,SCH772984,0.4416494706171743
Gemcitabine,Dasatinib,0.4415298190136846
Lapatinib,Luminespib,0.4414860375952272
AZD8055,SCH772984,0.4411815531827349
Sorafenib,MK-1775,0.44084077415170264
5-Fluorouracil,OSI-027,0.4408316744002858
Oxaliplatin,Afatinib,0.4405429764467803
MK-1775,Oxaliplatin,0.4400521655467041
AZD8055,Lapatinib,0.4400059618787089
Taselisib,Vinorelbine,0.43983908059618215
Olaparib,Luminespib,0.4397361516477988
Dabrafenib,SCH772984,0.43959669357678677
5-Fluorouracil,Lapatinib,0.4394326935095565
Doramapimod,Temozolomide,0.4388349579853763
MK-2206,Cisplatin,0.43869246419315155
RO-3306,Navitoclax,0.4382328040269864
Temozolomide,Luminespib,0.4381638480074429
Tozasertib,Linsitinib,0.43791665709615957
Temozolomide,Gemcitabine,0.4378786796247752
Pictilisib,OSI-027,0.4378536194705387
GSK269962A,Cisplatin,0.4378221705081493
OSI-027,Navitoclax,0.4375865063239046
Alisertib,Olaparib,0.43748428338056755
Sorafenib,Olaparib,0.43746273817525827
Wee1 Inhibitor,Bortezomib,0.4372873709237046
Olaparib,Afatinib,0.4369270508640808
Doramapimod,Palbociclib,0.4366840908658832
5-Fluorouracil,Camptothecin,0.4366828480297712
Vinorelbine,5-Fluorouracil,0.436586426110982
Taselisib,OSI-027,0.4363555171721818
PF-4708671,Docetaxel,0.43608971232597915
Afatinib,BMS-754807,0.43579971258423866
Paclitaxel,LGK974,0.4357855575317795
Erlotinib,Paclitaxel,0.43525319319407474
MK-2206,Taselisib,0.4348216584957927
KU-55933,AZD7762,0.43479034062049227
Alpelisib,Trametinib,0.43458046927889105
PD173074,AZD7762,0.4345316620511587
Palbociclib,Oxaliplatin,0.4344779450018025
AZD8055,Navitoclax,0.43411725638193044
Linsitinib,Paclitaxel,0.433945989569707
Linsitinib,Trametinib,0.43385639396303355
MK-2206,PD173074,0.4337837290890987
Irinotecan,Linsitinib,0.4336742244393227
Taselisib,Lapatinib,0.4336606730842659
Nutlin-3a (-),Gemcitabine,0.43355275155211215
OSI-027,Cisplatin,0.4333230469982603
MK-2206,OSI-027,0.4328657081808679
Wee1 Inhibitor,Cisplatin,0.4326028132290015
Axitinib,5-Fluorouracil,0.432433250481017
KU-55933,Lapatinib,0.4314192238984901
Gemcitabine,Erlotinib,0.43126080329534566
Doramapimod,PD173074,0.431256425619571
Ribociclib,Navitoclax,0.43109282178703334
Tozasertib,Vorinostat,0.43094974972606204
Afatinib,Gemcitabine,0.43083285281055694
Ribociclib,Lapatinib,0.43071771429167316
Olaparib,Erlotinib,0.4303068149959556
BI-2536,Lapatinib,0.4302849155595284
Paclitaxel,Oxaliplatin,0.43023020691180325
Taselisib,MK-2206,0.4299519728570823
AZD6482,OSI-027,0.42985572412217254
Alisertib,Gemcitabine,0.4297572852678987
Ribociclib,Vorinostat,0.42965023472880104
SB505124,AZD7762,0.4289216734763901
Camptothecin,LGK974,0.42888748184044534
Pictilisib,AZD7762,0.4287409606630418
Navitoclax,OSI-027,0.42865227255021376
Afatinib,SCH772984,0.4283481517602261
Nutlin-3a (-),Olaparib,0.4276651815024334
MK-2206,BMS-754807,0.42725897712083183
Trametinib,5-Fluorouracil,0.4268578781966047
AZD4547,Navitoclax,0.42621466495474436
Erlotinib,Olaparib,0.42601703967159976
Vinorelbine,AZD7762,0.4249751015690132
AZD4547,MK-2206,0.4248948273977825
Lapatinib,AZD7762,0.42478629267893375
Entinostat,Trametinib,0.424511503384973
Nutlin-3a (-),Navitoclax,0.4244588120143208
MK-2206,LGK974,0.42441147339961083
Crizotinib,Irinotecan,0.4242515019179969
Venetoclax,Olaparib,0.42374950463189054
Tozasertib,MK-1775,0.42363876979772574
RO-3306,Axitinib,0.42327512635875286
Nutlin-3a (-),SB505124,0.42260882201593764
Linsitinib,SCH772984,0.4225341688283679
PF-4708671,AZD7762,0.4225223037319441
Crizotinib,Docetaxel,0.422418162582628
MK-2206,Linsitinib,0.422150803781025
Dabrafenib,LGK974,0.4220391527313633
MK-2206,AZD7762,0.42195798469598256
Palbociclib,Luminespib,0.421793220556376
Gemcitabine,LGK974,0.4217388746796058
Crizotinib,Temozolomide,0.4215137961115758
Luminespib,MK-2206,0.4214795422517109
RO-3306,Pictilisib,0.4213573404274412
Taselisib,MK-1775,0.42126398263917053
GSK269962A,Temozolomide,0.4211723502250143
Linsitinib,AZD7762,0.42107008001819524
Alisertib,Palbociclib,0.4209224524212103
5-Fluorouracil,Linsitinib,0.4209043046253954
Wee1 Inhibitor,Lapatinib,0.42087322806816385
PF-4708671,MK-1775,0.42066297417050924
Nutlin-3a (-),Bortezomib,0.4206064545806918
Wee1 Inhibitor,MK-2206,0.42030087612904343
Erlotinib,Oxaliplatin,0.42011279121997924
Alpelisib,Linsitinib,0.4200682457029472
Nilotinib,Navitoclax,0.41985085607829487
Tozasertib,Nutlin-3a (-),0.4197094960724467
Crizotinib,AZD4547,0.4193656788343503
AZD4547,Olaparib,0.41896698667902743
LGK974,Linsitinib,0.41889052848434105
ZM447439,AZD7762,0.4183781544732528
BMS-754807,Oxaliplatin,0.41821525909348534
KU-55933,Linsitinib,0.4181678804244129
Afatinib,Cisplatin,0.4180079121080198
Camptothecin,SCH772984,0.4175109292606374
PD173074,Vorinostat,0.4174712260391992
Trametinib,Cisplatin,0.4172794255034634
LGK974,Nutlin-3a (-),0.4167955927727547
OSI-027,MK-2206,0.41666793169764627
Entinostat,Nutlin-3a (-),0.4164696186932074
Temozolomide,Linsitinib,0.41640633682489814
PD173074,MK-2206,0.41486015235290774
Oxaliplatin,Cisplatin,0.41476668727130106
JQ1,Crizotinib,0.41452201341469275
Sorafenib,Crizotinib,0.4140805695316895
Navitoclax,BMS-754807,0.4128521556730562
Uprosertib,5-Fluorouracil,0.4128153519724409
SCH772984,Palbociclib,0.4128067409980183
Pictilisib,Navitoclax,0.4127480614827811
KU-55933,Pictilisib,0.4125756305195647
Camptothecin,Cisplatin,0.41257287754052463
AZD7762,BMS-754807,0.41177023246352573
Dabrafenib,Nutlin-3a (-),0.41173120112593253
Axitinib,MK-2206,0.41164402448649495
Afatinib,Trametinib,0.4109464813700243
LGK974,MK-2206,0.41092637302889623
Uprosertib,Taselisib,0.4104271234468898
GSK269962A,Axitinib,0.41037054261343286
Entinostat,Bortezomib,0.41029768045307435
Crizotinib,OSI-027,0.40986714309563366
MK-2206,Gemcitabine,0.4098001821441615
AZD8055,5-Fluorouracil,0.4097805240753042
Olaparib,AZD7762,0.4096195039577891
Palbociclib,Navitoclax,0.40934056664842355
PF-4708671,PD173074,0.4091000370856763
RO-3306,Gemcitabine,0.408767607952371
Olaparib,SB505124,0.40771271223232486
Paclitaxel,Navitoclax,0.407652868790472
Doramapimod,Luminespib,0.40764778474413765
Docetaxel,Temozolomide,0.4072177044588642
Uprosertib,Olaparib,0.40721649941423776
Tozasertib,Bortezomib,0.40711831758357886
Entinostat,OSI-027,0.4063729571861301
5-Fluorouracil,MK-1775,0.406254322928733
Tozasertib,Olaparib,0.4060842753248812
Ruxolitinib,MK-2206,0.40535420310252346
Alisertib,5-Fluorouracil,0.4053404848783797
Vorinostat,Taselisib,0.4051957105919085
Dasatinib,Lapatinib,0.40496291179632804
Docetaxel,Axitinib,0.4043699201574803
JQ1,Cisplatin,0.40422005543842165
AZD4547,SB505124,0.40374320130207497
SCH772984,AZD4547,0.4034137842256216
5-Fluorouracil,PD173074,0.4026713317999031
Docetaxel,Olaparib,0.4021045753695396
Crizotinib,MK-1775,0.40167573294500136
Temozolomide,Docetaxel,0.40155609531391645
Oxaliplatin,MK-2206,0.4015320038513853
Olaparib,5-Fluorouracil,0.4014239120131635
Uprosertib,Axitinib,0.40097445865031256
Ruxolitinib,Gemcitabine,0.4006414310264145
KU-55933,Vorinostat,0.3997535738916269
NU7441,5-Fluorouracil,0.3997230819569111
Lapatinib,Irinotecan,0.39968722401753354
Gemcitabine,AZD7762,0.3996566831856977
Olaparib,Docetaxel,0.3995047888187617
5-Fluorouracil,Vinorelbine,0.3994984541450477
Tozasertib,PD173074,0.3993737447589081
JQ1,MK-2206,0.399247183612343
Olaparib,LGK974,0.39895044455302997
Pictilisib,Palbociclib,0.3988444242112229
Navitoclax,Linsitinib,0.398822917246463
PF-4708671,MK-2206,0.39879068662517225
Camptothecin,Oxaliplatin,0.39876986120039626
Lapatinib,Gemcitabine,0.39855577123102925
MK-2206,Olaparib,0.39829224196857416
SCH772984,Oxaliplatin,0.398024845440196
Alpelisib,Pictilisib,0.3978750278883726
Crizotinib,Paclitaxel,0.39775795950218007
SB505124,Vinorelbine,0.397706862828786
Ruxolitinib,AZD7762,0.39769264487432576
AZD6482,Gemcitabine,0.3973092449580887
Pictilisib,Crizotinib,0.39718189494802214
Crizotinib,Trametinib,0.39659446919814734
Alpelisib,Gemcitabine,0.39607219904620095
PF-4708671,Cisplatin,0.39602986156476505
Nutlin-3a (-),Vorinostat,0.395563988418978
PF-4708671,Luminespib,0.39517925819086874
Bortezomib,Temozolomide,0.3950781165724453
AZD8055,Vinorelbine,0.3948525256581755
BMS-754807,Palbociclib,0.3946633111802613
Docetaxel,Linsitinib,0.3946383043030418
Navitoclax,Crizotinib,0.393962125895271
Dactolisib,Cisplatin,0.3936888932772741
SCH772984,Paclitaxel,0.39362035037811216
RO-3306,Linsitinib,0.39357903362807334
GSK269962A,Docetaxel,0.39350675938547164
Venetoclax,MK-2206,0.3933551735147718
NU7441,Olaparib,0.39332108825926837
Trametinib,Dabrafenib,0.39329334400575555
NU7441,PD173074,0.3930585406923418
SCH772984,PD173074,0.3924951203369764
Trametinib,Bortezomib,0.39249102357691934
Afatinib,AZD7762,0.3924437881117485
Palbociclib,Camptothecin,0.3921649698096681
Crizotinib,Nutlin-3a (-),0.39212726525359354
Docetaxel,PD173074,0.39140081030190577
Olaparib,Vorinostat,0.39128885121806023
Nutlin-3a (-),BMS-754807,0.39127957719214435
NU7441,Bortezomib,0.3912548001412032
Linsitinib,Navitoclax,0.3910795143002527
MK-1775,Crizotinib,0.39099298950921435
Doramapimod,MK-2206,0.3908465177257613
Irinotecan,OSI-027,0.39069865093786404
PF-4708671,Trametinib,0.39069246329378815
Camptothecin,Navitoclax,0.3904639817364628
Ribociclib,Olaparib,0.3902743481872686
PF-4708671,Olaparib,0.3901740333661121
Oxaliplatin,Dasatinib,0.3900274559086402
Afatinib,AZD4547,0.3897258931553158
Trametinib,Navitoclax,0.38970969330569183
MK-2206,Vorinostat,0.3892207803019344
Cisplatin,Gemcitabine,0.38884856736865236
Sorafenib,Palbociclib,0.38883815732783045
Ruxolitinib,Cisplatin,0.38869483838723684
KU-55933,Nutlin-3a (-),0.38864700584336964
Oxaliplatin,Lapatinib,0.38819154611635753
PD173074,Temozolomide,0.38764764414832464
Palbociclib,Linsitinib,0.3875167983821083
Nutlin-3a (-),SCH772984,0.3866955803120071
Afatinib,SB505124,0.3866563952603169
Paclitaxel,Temozolomide,0.38623799167174866
Docetaxel,Cisplatin,0.38606859252386894
Oxaliplatin,Sorafenib,0.38564039241762815
KU-55933,Bortezomib,0.38552878365247223
Alpelisib,5-Fluorouracil,0.38548863040229997
AZD7762,Docetaxel,0.38520729345840254
Doramapimod,Bortezomib,0.3850005228023715
Vorinostat,Cisplatin,0.38485198635747564
Ruxolitinib,Dasatinib,0.3844528224388274
Crizotinib,SB505124,0.3840842003877122
Olaparib,Lapatinib,0.38394592838069663
Dabrafenib,Temozolomide,0.3838136235404316
Palbociclib,Bortezomib,0.38350075110026716
5-Fluorouracil,Docetaxel,0.38344836692697715
Tozasertib,Trametinib,0.38343649319298123
Lapatinib,Docetaxel,0.3832038482696192
SCH772984,Vorinostat,0.38262545812075477
Trametinib,Olaparib,0.38251495924641477
AZD4547,LGK974,0.38221716114558846
OSI-027,Lapatinib,0.3820321908142086
GSK269962A,Crizotinib,0.38188088807916853
Crizotinib,Dactolisib,0.38174742816939156
AZD7762,Sorafenib,0.38173354245907953
Olaparib,MK-2206,0.3813466689123385
Crizotinib,LGK974,0.38103524587910176
Taselisib,Dasatinib,0.38084711026950213
Crizotinib,MK-2206,0.38081123008505635
Vinorelbine,Dabrafenib,0.3807124972357784
Vorinostat,Temozolomide,0.38046151146875107
AZD8055,BMS-754807,0.3803794176729105
LGK974,Palbociclib,0.38024156963503775
Alisertib,AZD7762,0.37968406798718024
Crizotinib,Afatinib,0.3796117141609423
MK-1775,Taselisib,0.3792993124007381
SB505124,Taselisib,0.3791799566305053
Linsitinib,Sorafenib,0.37899078153836263
Gemcitabine,Oxaliplatin,0.37862500405688637
Alpelisib,Olaparib,0.3784490108134162
JQ1,PD173074,0.3783291478030899
KU-55933,OSI-027,0.37826503328528294
AZD8055,Pictilisib,0.37741502981160635
LGK974,Olaparib,0.37738675188763915
Dabrafenib,PD173074,0.37730976594470433
Uprosertib,Nutlin-3a (-),0.37728182235254215
AZD6482,Temozolomide,0.3768594258957789
Entinostat,Temozolomide,0.3756937456027163
Olaparib,Linsitinib,0.3756150193232104
Entinostat,Lapatinib,0.37550900342623283
PD173074,Crizotinib,0.3754283875052957
Uprosertib,MK-1775,0.37486735508450175
Docetaxel,Palbociclib,0.3746519535604077
RO-3306,OSI-027,0.3745742578187249
ZM447439,Crizotinib,0.37432554700430654
Crizotinib,Taselisib,0.37432089149427183
Paclitaxel,Trametinib,0.37426605981086947
Alpelisib,AZD7762,0.37407544084846533
MK-2206,Ruxolitinib,0.37403188852025837
Crizotinib,Palbociclib,0.3739866896954396
Bortezomib,Olaparib,0.373004343072449
Oxaliplatin,Nutlin-3a (-),0.3728354468356978
SB505124,Linsitinib,0.3725190943135994
Trametinib,Lapatinib,0.37249819804218254
Paclitaxel,Crizotinib,0.3718397181176034
SB505124,SCH772984,0.37158538896643944
JQ1,Bortezomib,0.3711454089277537
PF-4708671,5-Fluorouracil,0.3711272774315033
Afatinib,Axitinib,0.3710909226255238
AZD8055,Palbociclib,0.370957770838653
Gemcitabine,Vorinostat,0.3708263221070205
Vinorelbine,MK-1775,0.370295038049814
Oxaliplatin,Navitoclax,0.3702305962896485
Nutlin-3a (-),Dabrafenib,0.37021028118968813
Linsitinib,5-Fluorouracil,0.37011209723437144
Axitinib,Trametinib,0.3694949579768029
Olaparib,Vinorelbine,0.3692458497316794
Crizotinib,Olaparib,0.36836509992170274
OSI-027,MK-1775,0.36740255136392963
SB505124,Dabrafenib,0.3670888776332146
MK-1775,Gemcitabine,0.3669544494546587
OSI-027,Taselisib,0.36614489104284487
Uprosertib,PD173074,0.36570171341482194
Venetoclax,Taselisib,0.3644089456256068
Linsitinib,Erlotinib,0.36439858886292165
Sorafenib,Ruxolitinib,0.36413266811313083
Alisertib,Bortezomib,0.3637868754233151
Luminespib,Linsitinib,0.3637706596206589
NU7441,Crizotinib,0.3629846343554516
Alisertib,Temozolomide,0.3624501267322612
Nutlin-3a (-),Luminespib,0.3617207802873468
Nilotinib,AZD7762,0.3614203799375493
Venetoclax,Palbociclib,0.36134500986776696
Palbociclib,Ruxolitinib,0.36111035772217237
MK-2206,Navitoclax,0.3609370845336791
MK-1775,Erlotinib,0.36019697827071817
SB505124,Olaparib,0.3597692036231185
Doramapimod,Lapatinib,0.3595879712848675
Taselisib,Oxaliplatin,0.35933068505339605
Olaparib,Taselisib,0.3592925867711443
PF-4708671,Bortezomib,0.35867487212875226
Luminespib,Cisplatin,0.3584479949303244
Wee1 Inhibitor,Crizotinib,0.3583834900850247
Navitoclax,Docetaxel,0.3582819078106987
Alisertib,Linsitinib,0.3581045259455772
Bortezomib,Navitoclax,0.3575514616747262
Uprosertib,AZD7762,0.3571655125386036
Taselisib,PD173074,0.35699131342349966
PD173074,Luminespib,0.35679946112058625
Vinorelbine,Olaparib,0.3567773420131327
Navitoclax,SCH772984,0.35668370338875055
Nilotinib,Olaparib,0.35665466846888183
Docetaxel,Luminespib,0.3563124593100018
MK-1775,AZD7762,0.3561113288015112
SCH772984,Irinotecan,0.3559857217265967
Lapatinib,Sorafenib,0.3559115811907554
KU-55933,Navitoclax,0.35584574814969705
RO-3306,Nutlin-3a (-),0.35574823091889995
BMS-754807,Afatinib,0.3555046105918338
JQ1,Taselisib,0.3547128464170781
MK-1775,LGK974,0.35466687572970934
OSI-027,Linsitinib,0.35457513117876494
Trametinib,Gemcitabine,0.35456202037152695
Linsitinib,Docetaxel,0.35449922241983367
Venetoclax,5-Fluorouracil,0.35444065641802014
5-Fluorouracil,AZD4547,0.35441934609811676
OSI-027,Vorinostat,0.3541137941142085
AZD7762,Lapatinib,0.3539297266961263
Nilotinib,Taselisib,0.35373186895091047
GSK269962A,Linsitinib,0.35351404768518946
5-Fluorouracil,AZD8055,0.3533148937570645
Oxaliplatin,Olaparib,0.3531128103806115
Linsitinib,Vorinostat,0.3528323776696637
Erlotinib,SCH772984,0.3527370936821058
Palbociclib,Dactolisib,0.3523779783573938
Gemcitabine,Irinotecan,0.35195769972005553
Trametinib,Dactolisib,0.3516306069771922
Palbociclib,Taselisib,0.3515958541301344
Linsitinib,Gemcitabine,0.35141717641009895
Bortezomib,MK-2206,0.3512613663152403
AZD7762,Luminespib,0.3501989757584997
Tozasertib,OSI-027,0.3500966000355332
Nilotinib,Docetaxel,0.3498218505720351
AZD6482,Lapatinib,0.3496872144168657
GSK269962A,Lapatinib,0.3495796373308273
Uprosertib,Vorinostat,0.34935801181191006
Erlotinib,MK-2206,0.34857473689980456
Taselisib,AZD7762,0.3484916559085993
Alpelisib,Palbociclib,0.34785036741648645
Bortezomib,OSI-027,0.3478159347616644
Nutlin-3a (-),AZD4547,0.3477234195543828
Oxaliplatin,Crizotinib,0.347501354734711
AZD8055,MK-1775,0.3474151122370134
NU7441,Temozolomide,0.3473262009575313
Sorafenib,OSI-027,0.3472558448764702
MK-1775,MK-2206,0.3471400701802587
Ribociclib,Palbociclib,0.3470309458266694
Vorinostat,Palbociclib,0.3470234476525065
Gemcitabine,Bortezomib,0.34683968678157473
Sorafenib,Docetaxel,0.3465204445218506
LGK974,Erlotinib,0.34641065413011507
NU7441,Trametinib,0.34628783322006773
PF-4708671,Axitinib,0.3461429813078635
Afatinib,Dabrafenib,0.34609753241127783
Paclitaxel,MK-1775,0.34596917626371204
SB505124,MK-1775,0.345942214757225
Paclitaxel,AZD7762,0.3457797717042267
Olaparib,Navitoclax,0.3457268932111247
Lapatinib,Nutlin-3a (-),0.34502778039375825
Doramapimod,Vorinostat,0.3444232249873762
5-Fluorouracil,Nutlin-3a (-),0.3441397211001147
AZD8055,PD173074,0.34382445081782254
Oxaliplatin,Linsitinib,0.3434991634043849
Lapatinib,PD173074,0.34274053805292515
Axitinib,Palbociclib,0.3421480421168167
Alisertib,OSI-027,0.34192049615360964
MK-2206,SB505124,0.3417041889476101
LGK974,Afatinib,0.3405868051432166
MK-2206,Axitinib,0.3403322607953858
Dabrafenib,Linsitinib,0.3402383638227371
AZD6482,Cisplatin,0.3401489141989722
Palbociclib,SCH772984,0.3399091203939911
ZM447439,Axitinib,0.33963651717965226
RO-3306,Crizotinib,0.3395745293770275
BMS-754807,Nutlin-3a (-),0.3390354319602551
AZD7762,Irinotecan,0.3387088450631852
Sorafenib,Nutlin-3a (-),0.3386148875457642
Vinorelbine,Crizotinib,0.33804313707771394
Dabrafenib,BMS-754807,0.33793140204976124
Nutlin-3a (-),Lapatinib,0.3379270558470584
Alisertib,Lapatinib,0.33776054400864797
Vinorelbine,SCH772984,0.33722743744909767
Paclitaxel,Olaparib,0.3369971581312141
Linsitinib,LGK974,0.33634400954330557
Tozasertib,Luminespib,0.3358178317441629
Paclitaxel,Sorafenib,0.3356558219155684
Oxaliplatin,MK-1775,0.33559353721441376
RO-3306,Temozolomide,0.33554684467472207
BI-2536,Trametinib,0.33549701731817105
Alisertib,Vorinostat,0.33535446795036783
AZD7762,Erlotinib,0.33503507649402375
5-Fluorouracil,Pictilisib,0.33483684401140346
GSK269962A,Gemcitabine,0.334663668407588
BI-2536,Luminespib,0.33448828031816047
Trametinib,OSI-027,0.3342111264880233
5-Fluorouracil,Oxaliplatin,0.33381468879399157
OSI-027,Dactolisib,0.333308993365071
AZD8055,Camptothecin,0.3332513946548017
Nilotinib,OSI-027,0.3331243125983916
Pictilisib,MK-1775,0.3329831553494129
Trametinib,SCH772984,0.33282812196090994
Alpelisib,OSI-027,0.3323231195102446
Erlotinib,Gemcitabine,0.3320982079670114
Nilotinib,Vorinostat,0.33207297989393547
Sorafenib,Pictilisib,0.3317976326060591
Alpelisib,Crizotinib,0.33178469051981463
Uprosertib,Gemcitabine,0.331748470976477
Wee1 Inhibitor,Taselisib,0.3310554262171227
Irinotecan,Ruxolitinib,0.3310053138033824
Linsitinib,Dabrafenib,0.33075682228255043
Taselisib,Palbociclib,0.3303457751794401
Navitoclax,Vorinostat,0.33030700388046486
Axitinib,Gemcitabine,0.3301135895378563
LGK974,Dabrafenib,0.3297323534342276
RO-3306,Palbociclib,0.3291805457487671
Trametinib,Afatinib,0.3289052725759658
Linsitinib,Ruxolitinib,0.3282004043052189
Trametinib,Camptothecin,0.32819674905935325
Bortezomib,Lapatinib,0.3281233171040996
OSI-027,Axitinib,0.32771504806427054
OSI-027,Paclitaxel,0.3273707000038202
Crizotinib,Ruxolitinib,0.32606179821562
Vorinostat,Pictilisib,0.3260232283044968
OSI-027,Palbociclib,0.3256859405150544
PD173074,Axitinib,0.32559834483564587
Sorafenib,Paclitaxel,0.325234578639095
KU-55933,Palbociclib,0.32514046220675064
Oxaliplatin,Irinotecan,0.324047216860915
Ruxolitinib,LGK974,0.3237160451930551
Navitoclax,Paclitaxel,0.32369263941562443
Crizotinib,Gemcitabine,0.32361639688930655
5-Fluorouracil,Trametinib,0.32338659614890264
Oxaliplatin,Palbociclib,0.32286551842658096
Alpelisib,Lapatinib,0.3228427976862557
AZD7762,Navitoclax,0.3228017354000695
Taselisib,Crizotinib,0.3225117377732605
Crizotinib,Linsitinib,0.32165259347114616
Sorafenib,SCH772984,0.3211645405275575
Pictilisib,Bortezomib,0.32066572816283045
AZD8055,Nutlin-3a (-),0.3205183202687525
Taselisib,Paclitaxel,0.32046291834054363
Gemcitabine,Luminespib,0.3202634973981551
AZD8055,Docetaxel,0.3196060396249596
Afatinib,Linsitinib,0.3191225219669378
Navitoclax,Luminespib,0.319089539181467
Luminespib,Taselisib,0.3190257147714086
LGK974,SB505124,0.31855375715586065
AZD7762,Bortezomib,0.3179970683664708
LGK974,Dasatinib,0.31746525016926763
Docetaxel,Trametinib,0.3171280402818413
Linsitinib,SB505124,0.31709403788146706
5-Fluorouracil,Temozolomide,0.3170855170540605
LGK974,Cisplatin,0.3170388504420185
Palbociclib,Paclitaxel,0.31666803179317715
Dactolisib,LGK974,0.31646483510294676
Vorinostat,MK-1775,0.3161860690117939
Erlotinib,5-Fluorouracil,0.3159400387844772
Uprosertib,Luminespib,0.31547409786972413
Olaparib,Oxaliplatin,0.31505559902127434
Luminespib,Gemcitabine,0.31499018115482813
Luminespib,MK-1775,0.3141588228016161
Alisertib,Taselisib,0.3139228254771077
Sorafenib,Luminespib,0.3136148586260049
Taselisib,Vorinostat,0.313561363857103
Ruxolitinib,Sorafenib,0.3127964725386002
LGK974,Lapatinib,0.31237498583198164
Venetoclax,MK-1775,0.31106546080448316
Venetoclax,Linsitinib,0.31096149704089393
GSK269962A,OSI-027,0.310802593226012
Vinorelbine,Camptothecin,0.3107143055750019
Nilotinib,Cisplatin,0.31055552822782617
BMS-754807,SB505124,0.31007615870931826
Linsitinib,Axitinib,0.3100639394676552
Navitoclax,Palbociclib,0.3096368155706931
Palbociclib,AZD4547,0.3095634714198563
Alisertib,MK-2206,0.30952892949829747
Paclitaxel,PD173074,0.30933242208771605
Lapatinib,Dactolisib,0.3090857351251255
SB505124,LGK974,0.30903686057631274
Linsitinib,Temozolomide,0.3087752503973257
Tozasertib,AZD7762,0.30873177128364626
AZD7762,Vinorelbine,0.30869044615505203
Pictilisib,Gemcitabine,0.30854640789507104
RO-3306,Lapatinib,0.3084899887502439
5-Fluorouracil,Vorinostat,0.30816579447120973
Oxaliplatin,AZD7762,0.30799794737687525
Palbociclib,SB505124,0.3074025424117691
Paclitaxel,Gemcitabine,0.30681062926800595
Dactolisib,MK-1775,0.3067874683565809
Wee1 Inhibitor,Nutlin-3a (-),0.3065161196074879
Paclitaxel,Nutlin-3a (-),0.30547832336317937
Bortezomib,AZD7762,0.30514875623341653
AZD6482,PD173074,0.3051368976230924
Oxaliplatin,AZD8055,0.305059506020799
Vinorelbine,Afatinib,0.30493752498078075
Crizotinib,Camptothecin,0.3036655365812867
Bortezomib,MK-1775,0.3032880510851014
Uprosertib,Linsitinib,0.30319674683114406
JQ1,Pictilisib,0.3031214476191173
Luminespib,Pictilisib,0.30270613655654177
Uprosertib,Docetaxel,0.30249735443939274
Bortezomib,Luminespib,0.3019132108182455
Irinotecan,SCH772984,0.301761102941846
Taselisib,AZD4547,0.3009607559106927
Doramapimod,Navitoclax,0.3008512771265256
JQ1,Trametinib,0.3007542588681186
KU-55933,Crizotinib,0.30047039698083977
OSI-027,Crizotinib,0.2996553803161329
Entinostat,Luminespib,0.2994995234992057
Entinostat,Crizotinib,0.29800682491079766
Axitinib,Docetaxel,0.29800451971075115
Entinostat,Vorinostat,0.2975073567622478
Wee1 Inhibitor,Linsitinib,0.2973954238543397
Vorinostat,MK-2206,0.2971043878543249
AZD8055,Bortezomib,0.29681034712423104
Venetoclax,Luminespib,0.2963297037646131
5-Fluorouracil,SB505124,0.2961004530510071
Nutlin-3a (-),Linsitinib,0.2960775411572548
Dactolisib,Erlotinib,0.29600476476143556
Palbociclib,LGK974,0.295861713208567
GSK269962A,5-Fluorouracil,0.29530597280800297
Crizotinib,5-Fluorouracil,0.2950974764423634
Afatinib,OSI-027,0.29490158191583415
Crizotinib,Sorafenib,0.2948783987611111
OSI-027,Luminespib,0.2947833645475959
NU7441,Gemcitabine,0.29459741264729244
MK-2206,Luminespib,0.29443562240326593
Taselisib,Navitoclax,0.29431710216133966
PF-4708671,Navitoclax,0.29411997213933305
Lapatinib,5-Fluorouracil,0.2934863860781962
Axitinib,PD173074,0.2931401091754483
MK-1775,Lapatinib,0.2931225206754572
Alisertib,MK-1775,0.292879457171244
Wee1 Inhibitor,PD173074,0.2918473965554904
Sorafenib,Vorinostat,0.29142921075881545
Taselisib,Dactolisib,0.29055226818706215
NU7441,Docetaxel,0.29018056053655905
Camptothecin,Olaparib,0.28998476638340687
5-Fluorouracil,Paclitaxel,0.2895483698993866
Navitoclax,Ruxolitinib,0.28954688996167544
Vorinostat,OSI-027,0.2895030713600363
PF-4708671,Pictilisib,0.2893480996281681
BI-2536,Navitoclax,0.28917979984884534
Gemcitabine,Ruxolitinib,0.2888595652040379
NU7441,AZD7762,0.2886162584831091
NU7441,Linsitinib,0.28843871569810886
Paclitaxel,Linsitinib,0.28842679893640366
Navitoclax,Camptothecin,0.28809541806462724
Paclitaxel,MK-2206,0.287934933235394
AZD6482,Axitinib,0.2877108646519849
JQ1,Docetaxel,0.2876098638315875
Oxaliplatin,LGK974,0.28749484531523994
Gemcitabine,Navitoclax,0.2873554531760959
AZD7762,Paclitaxel,0.2870791508830203
Dabrafenib,Navitoclax,0.2868316884731703
Vorinostat,Crizotinib,0.28664711197811477
Tozasertib,MK-2206,0.28658224976424496
RO-3306,PD173074,0.2864184588775839
Ribociclib,Temozolomide,0.2861881641261077
BMS-754807,LGK974,0.28561718237218736
Trametinib,Axitinib,0.2855957289669476
AZD7762,Dactolisib,0.2852261187534826
Sorafenib,PD173074,0.28455186563979706
PF-4708671,Palbociclib,0.2841910472566558
Sorafenib,Dasatinib,0.2835237442904658
BI-2536,Bortezomib,0.28336737551831237
Crizotinib,Oxaliplatin,0.2828527839871595
OSI-027,5-Fluorouracil,0.28275352041322177
Afatinib,LGK974,0.28269503759440984
Vinorelbine,BMS-754807,0.28212470068922413
Alisertib,Luminespib,0.28090663490164747
Luminespib,Docetaxel,0.2796015950685332
Sorafenib,MK-2206,0.2795394440747686
Paclitaxel,5-Fluorouracil,0.2794510514435552
5-Fluorouracil,Navitoclax,0.2792332029252398
LGK974,AZD7762,0.27907981784784863
BMS-754807,Navitoclax,0.2788500371112336
MK-2206,Sorafenib,0.27847596317948087
Taselisib,Linsitinib,0.2784727390909373
Axitinib,Luminespib,0.27776191179733234
Navitoclax,MK-1775,0.27578462674916904
Nilotinib,Nutlin-3a (-),0.2745892991915667
RO-3306,5-Fluorouracil,0.27413095033766655
Entinostat,AZD7762,0.27340689875023083
Trametinib,Temozolomide,0.2728919139024616
MK-2206,Paclitaxel,0.27263057011206016
Pictilisib,Olaparib,0.2723453565168755
AZD6482,Docetaxel,0.2723441505540509
OSI-027,Erlotinib,0.27225021345172995
MK-1775,Temozolomide,0.27200366820053246
Axitinib,Crizotinib,0.2717697169979705
AZD8055,Crizotinib,0.2717220357459361
Wee1 Inhibitor,Pictilisib,0.2716754396024047
Vorinostat,PD173074,0.2716371322951483
KU-55933,PD173074,0.2715970643323027
NU7441,Luminespib,0.27133091590227676
Trametinib,LGK974,0.27101594234896376
LGK974,Irinotecan,0.27096224315333695
Docetaxel,Taselisib,0.270607748273862
Entinostat,Palbociclib,0.2702212314339758
Vinorelbine,Trametinib,0.27019320607340414
Pictilisib,Axitinib,0.26994815508340675
OSI-027,AZD7762,0.26980802309240837
Lapatinib,SCH772984,0.26933116759012066
Nilotinib,MK-2206,0.26929091328919363
Olaparib,Temozolomide,0.269186408058121
Taselisib,5-Fluorouracil,0.26888337950244
Nilotinib,Axitinib,0.26871095775129106
Navitoclax,PD173074,0.26854307602210414
Dasatinib,Palbociclib,0.2682904577387041
Palbociclib,Erlotinib,0.26791457373547656
Ruxolitinib,Navitoclax,0.26700050670562236
JQ1,Linsitinib,0.26693136297315345
Trametinib,Luminespib,0.2665708413300506
Alpelisib,Luminespib,0.26637979185435356
AZD8055,Afatinib,0.2656689088479022
Irinotecan,LGK974,0.2639223508571359
MK-1775,Bortezomib,0.2637243413960124
Vorinostat,Nutlin-3a (-),0.2635021672371509
Linsitinib,Vinorelbine,0.26341497803157776
Wee1 Inhibitor,5-Fluorouracil,0.26276783248698676
JQ1,Palbociclib,0.2626979649486496
Tozasertib,Docetaxel,0.26257898882859376
Venetoclax,Temozolomide,0.2624557355033901
Taselisib,Olaparib,0.2623607563202254
AZD8055,AZD4547,0.26197862482584033
Dactolisib,Lapatinib,0.2619727209865774
AZD7762,Camptothecin,0.2613713136963681
Vorinostat,Linsitinib,0.2612906843723455
Dabrafenib,Olaparib,0.2612434501025298
Pictilisib,PD173074,0.26116731872700616
Wee1 Inhibitor,Olaparib,0.26058806345282837
PF-4708671,Taselisib,0.26058083429239953
SCH772984,SB505124,0.26045685793154505
OSI-027,LGK974,0.26043209421260227
AZD8055,SB505124,0.25984701210293004
Ribociclib,Linsitinib,0.25974346629827394
Taselisib,Nutlin-3a (-),0.2589319343423738
Alpelisib,Vorinostat,0.25843994945839954
Oxaliplatin,Dactolisib,0.2583315084413762
Lapatinib,Bortezomib,0.2579883473163985
MK-1775,Navitoclax,0.2578734998762655
JQ1,5-Fluorouracil,0.25759936561630803
Crizotinib,SCH772984,0.25728413518751336
JQ1,Temozolomide,0.25593830039473386
Afatinib,Lapatinib,0.25539915966827653
BI-2536,OSI-027,0.25524090997521065
AZD7762,SB505124,0.2550859140205157
Navitoclax,Dabrafenib,0.25499795767238
OSI-027,Pictilisib,0.25445134295259175
Navitoclax,Temozolomide,0.2539232454970619
MK-1775,Linsitinib,0.2536446787850536
Erlotinib,Lapatinib,0.25352658342473156
MK-1775,Pictilisib,0.2531206661580385
Trametinib,Vorinostat,0.25215465817938154
Camptothecin,Afatinib,0.25190016932685433
Taselisib,Bortezomib,0.25137565402782414
5-Fluorouracil,Irinotecan,0.2510414097934094
LGK974,Dactolisib,0.2491463031445511
SCH772984,Docetaxel,0.2484963077858583
Dabrafenib,SB505124,0.24703646077124708
SB505124,Navitoclax,0.24669675217948694
Vorinostat,Gemcitabine,0.24667634032319619
BMS-754807,5-Fluorouracil,0.24663445040550347
Gemcitabine,Olaparib,0.24657314162890343
GSK269962A,Nutlin-3a (-),0.2461872582152882
AZD6482,Bortezomib,0.24534555477013276
Pictilisib,Vorinostat,0.24533895359329583
ZM447439,Luminespib,0.2451733125511587
Vinorelbine,Navitoclax,0.24501647567558316
Afatinib,Oxaliplatin,0.2442171668279176
Nilotinib,Palbociclib,0.24324737866891433
Gemcitabine,Temozolomide,0.24306514884238628
Dactolisib,Irinotecan,0.24290245914164543
Luminespib,Axitinib,0.24273444823782309
Trametinib,Ruxolitinib,0.24261643151363976
Paclitaxel,Ruxolitinib,0.24261119818521892
Taselisib,Cisplatin,0.2425301969053194
MK-1775,5-Fluorouracil,0.24222295940777516
Dactolisib,Sorafenib,0.2421948375977523
Ruxolitinib,Oxaliplatin,0.2410995366940848
Crizotinib,Bortezomib,0.2401874615204198
Uprosertib,Bortezomib,0.2398922305300627
Dactolisib,Gemcitabine,0.23965326666061337
PF-4708671,Lapatinib,0.23880665256267586
Alpelisib,Temozolomide,0.238506673177724
Nilotinib,Trametinib,0.23833766768062836
Entinostat,Gemcitabine,0.23816208578264875
5-Fluorouracil,LGK974,0.23815965172777154
OSI-027,Bortezomib,0.23795803599102094
AZD6482,Vorinostat,0.23789720272516113
Paclitaxel,Erlotinib,0.23787572407466973
Trametinib,SB505124,0.2377482102514794
ZM447439,Docetaxel,0.23770458492292568
Navitoclax,AZD7762,0.23740847207971616
Linsitinib,Dactolisib,0.23737602109303446
LGK974,Gemcitabine,0.23734081944594732
JQ1,Olaparib,0.23696336353064884
PF-4708671,OSI-027,0.236503290950835
BMS-754807,Dabrafenib,0.23539685940366595
Nilotinib,Bortezomib,0.2348808439336827
Uprosertib,Palbociclib,0.23474607158506455
OSI-027,Docetaxel,0.23459164569911417
Sorafenib,Taselisib,0.23444172009519215
Pictilisib,Cisplatin,0.2342542927687643
Gemcitabine,Docetaxel,0.234041074074696
JQ1,Vorinostat,0.23365114662991748
Lapatinib,Vorinostat,0.23292401678073826
Irinotecan,AZD7762,0.2327098652514178
RO-3306,AZD7762,0.23268518701034235
Crizotinib,PD173074,0.2317885387266464
Nutlin-3a (-),LGK974,0.23092554417920363
Crizotinib,Dabrafenib,0.23066496969262806
PF-4708671,Linsitinib,0.2304807036295805
Olaparib,AZD4547,0.2304114424814938
AZD8055,Olaparib,0.230180736002065
OSI-027,Irinotecan,0.22986327019366548
Crizotinib,Vinorelbine,0.2296910076975277
Lapatinib,Ruxolitinib,0.22814346759442494
Olaparib,Camptothecin,0.2279551427431341
Dactolisib,Palbociclib,0.22771664402721048
Wee1 Inhibitor,Temozolomide,0.22753652929373203
Crizotinib,Cisplatin,0.22692485347191416
Nutlin-3a (-),Temozolomide,0.2265961254705099
ZM447439,Trametinib,0.22652228355783954
AZD8055,AZD7762,0.2263450016727393
Irinotecan,Erlotinib,0.22578011036261558
Oxaliplatin,Camptothecin,0.22525867136043132
Afatinib,Nutlin-3a (-),0.22366958344175814
ZM447439,Palbociclib,0.22238826556761615
Paclitaxel,OSI-027,0.2217396638953677
Luminespib,Nutlin-3a (-),0.22073023514010925
Vorinostat,Lapatinib,0.21975189809553708
Wee1 Inhibitor,Trametinib,0.2195766326376043
Axitinib,Cisplatin,0.2185281990878868
Lapatinib,Paclitaxel,0.2180273536584939
MK-1775,Vorinostat,0.2175979645700804
Oxaliplatin,Paclitaxel,0.21660695233905003
Alisertib,PD173074,0.21650429053954623
Afatinib,Luminespib,0.21625027152435117
Trametinib,Irinotecan,0.21622054414027259
Sorafenib,Irinotecan,0.21391895702347952
MK-1775,OSI-027,0.2135372181170061
Oxaliplatin,Gemcitabine,0.21200133878818617
GSK269962A,Bortezomib,0.2119107328554719
Docetaxel,Crizotinib,0.2113173698281663
Entinostat,Olaparib,0.21012661642226926
GSK269962A,Navitoclax,0.20962878002093266
Alpelisib,Bortezomib,0.20951772659998902
Alpelisib,Docetaxel,0.2090951896393236
Wee1 Inhibitor,Palbociclib,0.20908217372293458
Oxaliplatin,Vinorelbine,0.20676997894378146
Bortezomib,Linsitinib,0.20671158735141715
Vorinostat,Luminespib,0.2059668549862569
Docetaxel,AZD7762,0.20595192747337798
Bortezomib,Gemcitabine,0.20506300272535594
Dactolisib,MK-2206,0.20466006359870337
Luminespib,Crizotinib,0.20450329226106956
Sorafenib,Navitoclax,0.20423672462556397
Paclitaxel,Vorinostat,0.20357471385469816
Afatinib,Navitoclax,0.2035210900734612
Dactolisib,Crizotinib,0.20297145778836
Taselisib,Luminespib,0.20275626205586184
Wee1 Inhibitor,Navitoclax,0.20189430280202236
Trametinib,Sorafenib,0.20144582123728028
Wee1 Inhibitor,Luminespib,0.20096116719508206
Wee1 Inhibitor,Gemcitabine,0.200856432178522
Nilotinib,Pictilisib,0.19900934143598537
Vorinostat,Bortezomib,0.1981303658648087
Olaparib,PD173074,0.19721280559472676
Linsitinib,Camptothecin,0.19630083741214388
AZD6482,Luminespib,0.1959151658541648
Taselisib,SB505124,0.19557283734113085
SB505124,Camptothecin,0.1953905087586092
Luminespib,Navitoclax,0.19528473428930915
Wee1 Inhibitor,MK-1775,0.19465907484802403
Sorafenib,Linsitinib,0.19317885418944702
Bortezomib,Axitinib,0.1922871649928285
Pictilisib,Trametinib,0.19185541292588681
LGK974,Ruxolitinib,0.1911644181108788
Paclitaxel,Bortezomib,0.1907862877248987
5-Fluorouracil,Dabrafenib,0.1904237994413882
RO-3306,Bortezomib,0.1901952105379745
Wee1 Inhibitor,Axitinib,0.1898684927740868
Dactolisib,Navitoclax,0.1896723874435171
Trametinib,Paclitaxel,0.18913230269863912
Paclitaxel,Cisplatin,0.18891542853508325
Luminespib,AZD7762,0.18887830145943107
Luminespib,Temozolomide,0.1873605025463183
Nilotinib,Lapatinib,0.18562393821297185
Crizotinib,AZD7762,0.1839126529559576
Lapatinib,LGK974,0.18290771034955888
Afatinib,Olaparib,0.18093542690463693
MK-1775,Nutlin-3a (-),0.18055033630092687
RO-3306,Vorinostat,0.18045352581738916
Lapatinib,Oxaliplatin,0.17923210071442597
BI-2536,Docetaxel,0.17913569714270372
Luminespib,Vorinostat,0.17896510323309178
GSK269962A,Olaparib,0.17892817919120885
GSK269962A,AZD7762,0.1784574862493542
Sorafenib,Axitinib,0.1780106374422853
JQ1,AZD7762,0.17791584610288658
5-Fluorouracil,Dasatinib,0.1776683767337882
Luminespib,Bortezomib,0.17638681160756742
Paclitaxel,Luminespib,0.17636928834071408
OSI-027,Ruxolitinib,0.1756133791110125
Sorafenib,Lapatinib,0.17531471803371923
KU-55933,Luminespib,0.17403597637008716
Luminespib,Palbociclib,0.17372110327065904
Vinorelbine,Linsitinib,0.17362455422783507
5-Fluorouracil,Luminespib,0.17361684490636808
SCH772984,Ruxolitinib,0.17341903204992792
SCH772984,Bortezomib,0.17303674583182505
Afatinib,Palbociclib,0.17298221973896777
Afatinib,Vorinostat,0.17270744447678155
Bortezomib,Vorinostat,0.1726293194035473
GSK269962A,Trametinib,0.17259495188169838
SCH772984,Afatinib,0.17211545236358305
Crizotinib,BMS-754807,0.17148802532346374
OSI-027,Nutlin-3a (-),0.17108386478458237
Linsitinib,Dasatinib,0.16947149735168032
AZD7762,Ruxolitinib,0.16945922270324232
Taselisib,Gemcitabine,0.1694113167505773
AZD7762,5-Fluorouracil,0.1690341512972381
Oxaliplatin,BMS-754807,0.16674724013817743
Taselisib,Irinotecan,0.16640792553300532
OSI-027,Olaparib,0.16617613431008937
Axitinib,Bortezomib,0.16613405139945137
Ruxolitinib,Olaparib,0.16599556446263541
Bortezomib,Palbociclib,0.16584643252935027
Paclitaxel,Irinotecan,0.1657963777987954
Axitinib,Temozolomide,0.16546171866780557
Dactolisib,Oxaliplatin,0.16503154057594915
MK-2206,Erlotinib,0.16435356607967977
Lapatinib,Olaparib,0.1640524728428434
AZD8055,LGK974,0.16306328325725294
Sorafenib,5-Fluorouracil,0.1628724604925318
Palbociclib,Irinotecan,0.16247917597732076
Luminespib,OSI-027,0.16245539767957284
MK-1775,Docetaxel,0.1623273690038486
Afatinib,Bortezomib,0.16153497536652772
MK-1775,PD173074,0.16089749719451552
SCH772984,Erlotinib,0.16066290338888767
Gemcitabine,Cisplatin,0.15997474361759412
Luminespib,Olaparib,0.15962396862311856
Navitoclax,Axitinib,0.15936635297272306
Dactolisib,Ruxolitinib,0.1587506046663001
Alisertib,Trametinib,0.15701453497557072
LGK974,Camptothecin,0.15689205674980322
BI-2536,Temozolomide,0.1561728684093766
AZD8055,Dabrafenib,0.15603679030344186
Navitoclax,Vinorelbine,0.15596656213372762
MK-2206,Docetaxel,0.15445804421540243
Afatinib,Camptothecin,0.1542203947826739
MK-1775,Luminespib,0.15410311752024808
ZM447439,Bortezomib,0.15352543367908456
Crizotinib,Erlotinib,0.15330286876552723
SCH772984,Dactolisib,0.15283979229663613
Nilotinib,PD173074,0.1510476619920279
Alisertib,Docetaxel,0.1503345679206205
Sorafenib,Erlotinib,0.1498025817867631
5-Fluorouracil,Ruxolitinib,0.1497356459055802
Docetaxel,Navitoclax,0.1489159327524091
NU7441,Palbociclib,0.14836838032016486
Sorafenib,LGK974,0.14725671154627662
Taselisib,LGK974,0.14592483402300294
Sorafenib,Bortezomib,0.1447847835266759
Axitinib,Olaparib,0.14388901646822194
Uprosertib,Temozolomide,0.1435625606222377
MK-1775,Sorafenib,0.14231728300414148
MK-1775,Camptothecin,0.1411083610443925
ZM447439,Olaparib,0.14033389140658292
5-Fluorouracil,Sorafenib,0.13702154450356518
OSI-027,Sorafenib,0.13371105726079524
Vorinostat,5-Fluorouracil,0.13060741915032903
Irinotecan,Gemcitabine,0.13008639996530358
KU-55933,5-Fluorouracil,0.12899035749300336
Afatinib,PD173074,0.12894576498281096
Vorinostat,Trametinib,0.12691111674685074
Luminespib,Trametinib,0.1262839189211964
Taselisib,Camptothecin,0.1256065935043692
GSK269962A,Luminespib,0.12499816213564319
Vorinostat,Docetaxel,0.1234365358123456
RO-3306,Luminespib,0.12285431598506158
JQ1,Luminespib,0.12250004240460644
RO-3306,Docetaxel,0.12134011003395673
RO-3306,Cisplatin,0.11947497576605803
AZD8055,Luminespib,0.11855849678187558
Dabrafenib,Afatinib,0.1169381774629864
Lapatinib,Axitinib,0.11655231219231066
Navitoclax,AZD8055,0.11631607878424066
Bortezomib,PD173074,0.11303435364488257
Uprosertib,Cisplatin,0.11272250115515015
MK-1775,Axitinib,0.11130139757553603
Taselisib,Docetaxel,0.11113851836934996
LGK974,Sorafenib,0.11024912371666462
Navitoclax,Dasatinib,0.10841814878176315
OSI-027,Temozolomide,0.10791702391384383
MK-1775,Paclitaxel,0.10778540357624644
Afatinib,Temozolomide,0.10747294870567237
Nilotinib,Crizotinib,0.10607437198756542
Nilotinib,Luminespib,0.10570059807913312
Oxaliplatin,AZD4547,0.1055875915429747
Oxaliplatin,SB505124,0.10412918644462277
Afatinib,Docetaxel,0.10299747003907989
Trametinib,Dasatinib,0.10148233181480304
5-Fluorouracil,AZD7762,0.09927877512894168
Dactolisib,AZD7762,0.09373807690238678
Navitoclax,Erlotinib,0.09320159428222474
Lapatinib,Cisplatin,0.09271048751952238
Vinorelbine,SB505124,0.09262243794630098
Olaparib,Ruxolitinib,0.09166404950110973
Wee1 Inhibitor,AZD7762,0.0901726545929864
Entinostat,5-Fluorouracil,0.089791676236184
MK-2206,Temozolomide,0.08671748763576681
Bortezomib,Trametinib,0.08535325986979059
Paclitaxel,Docetaxel,0.08104515587672245
Navitoclax,SB505124,0.07881682055201589
Nilotinib,5-Fluorouracil,0.07861499349140189
Pictilisib,Luminespib,0.07840811986192786
Navitoclax,Dactolisib,0.07506275319053002
AZD6482,Olaparib,0.06936042566451839
Wee1 Inhibitor,Docetaxel,0.06884309212483641
OSI-027,PD173074,0.06824843933730063
Navitoclax,LGK974,0.06532040262631644
Axitinib,Linsitinib,0.06252804662035905
ZM447439,Temozolomide,0.06230103112099594
AZD7762,LGK974,0.06127295152766632
Taselisib,Sorafenib,0.05953512908467529
Dactolisib,Paclitaxel,0.057459514547656965
Luminespib,PD173074,0.05226047531737388
Lapatinib,Temozolomide,0.051494528788095684
Irinotecan,Navitoclax,0.049605604342008336
JQ1,Gemcitabine,0.04623353697834476
Vorinostat,AZD7762,0.04573457288184568
MK-1775,SB505124,0.04129871178217692
SCH772984,Dasatinib,0.04080718398473193
Taselisib,Temozolomide,0.040272762800198536
LGK974,Navitoclax,0.030288488415401438
Bortezomib,5-Fluorouracil,0.030084650096660503
Luminespib,5-Fluorouracil,0.026169759370410106
Lapatinib,Erlotinib,0.023333541413198544
Dasatinib,Ruxolitinib,0.022074080889247782
Pictilisib,Docetaxel,0.015441082653988025
Pictilisib,Temozolomide,0.011457050323527507
Sorafenib,Temozolomide,0.006766327843968467
MK-1775,Irinotecan,2.115395889346061e-06
