Experiment,Cellname,Library,Anchor,Tissue,Conc,CancerType,Gender,Ethnicity,AgeAtSampling,y_trueIC,y_trueEmax,y_predIC,y_predEmax
104536,SIDM00630,Dabrafenib,Navitoclax,Breast,0.625,Breast Adenocarcinoma,Female,White,38.0,0.5255413,0.0474979,-0.0003051306304127201,-0.0009427377477025606
85283,SIDM00630,GSK269962A,Vorinostat,Breast,2.0,Breast Adenocarcinoma,Female,White,38.0,-0.6270439,-0.060643468,0.23810672614399073,-0.0009427377477025606
23898,SIDM00216,Linsitinib,Oxaliplatin,Large Intestine,1.0,Colon Adenocarcinoma,Female,East Asian,56.0,1.1131016,0.12288427,-0.4118637525655724,-0.0009427377477025606
70014,SIDM00531,Ruxolitinib,Irinotecan,Pancreas,5.0,Pancreatic Adenocarcinoma,Male,East Asian,60.0,0.5879836,0.033839453,-0.3847253899351111,-0.0009427377477025606
24754,SIDM00241,Dabrafenib,Lapatinib,Breast,0.625,Breast Carcinoma,Female,East Asian,53.0,1.5779024,0.04527091,0.5409517194486637,-0.0009427377477025606
29171,SIDM00772,GSK269962A,Nutlin-3a (-),Breast,10.0,Ductal Breast Carcinoma,Female,White,38.0,-1.3510666,-0.116333,-1.8284385545425204,-0.0009427377477025606
108178,SIDM00879,PF-4708671,Pictilisib,Breast,0.125,Ductal Breast Carcinoma,Female,Black,32.0,2.196634,0.14769213,0.2442779553011119,-0.0009427377477025606
88638,SIDM00537,Crizotinib,Camptothecin,Large Intestine,0.025,Colon Adenocarcinoma,Female,White,71.0,-2.543747,-0.089850426,-0.6294100309902916,-0.0009427377477025606
40282,SIDM00789,Vinorelbine,Camptothecin,Large Intestine,0.025,Colon Adenocarcinoma,Male,Unknown,52.74992395704158,-4.0309477,-0.22460666,0.24416763799525387,-0.0009427377477025606
84258,SIDM00842,AZD8055,5-Fluorouracil,Large Intestine,10.0,Colon Adenocarcinoma,Female,White,55.0,-3.3881671,-0.18945846,-1.7272186962792888,-0.0009427377477025606
72808,SIDM00899,Linsitinib,Gemcitabine,Pancreas,0.01,Pancreatic Ductal Adenocarcinoma,Female,White,62.0,1.3169451,0.087659,0.4750378383626869,-0.0009427377477025606
78376,SIDM00879,5-Fluorouracil,MK-1775,Breast,0.625,Ductal Breast Carcinoma,Female,Black,32.0,2.900525,0.17425185,1.3999923639134213,-0.0009427377477025606
33643,SIDM00928,Tozasertib,MK-2206,Breast,1.0,Breast Carcinoma,Female,Unknown,35.0,-0.4184173,-0.026817087,0.2972237816629864,-0.0009427377477025606
105317,SIDM01002,Dabrafenib,Luminespib,Breast,0.0025,Breast Carcinoma,Female,White,46.0,-0.5859968,-0.025207343,0.9087154157720913,-0.0009427377477025606
80901,SIDM00963,MK-2206,Cisplatin,Breast,4.0,Invasive Ductal Carcinoma Not Otherwise Specified,Female,Unknown,60.0,1.8346723,0.20163678,1.5142629777540524,-0.0009427377477025606
12402,SIDM00772,Bortezomib,Crizotinib,Breast,2.5,Ductal Breast Carcinoma,Female,White,38.0,-1.6441418,-0.07532374,-0.13529242992828636,-0.0009427377477025606
68530,SIDM01002,OSI-027,5-Fluorouracil,Breast,2.5,Breast Carcinoma,Female,White,46.0,1.0562075,0.05906208,1.779741058507778,-0.0009427377477025606
42887,SIDM00136,SB505124,Linsitinib,Large Intestine,1.0,Colon Adenocarcinoma,Female,White,44.0,1.5551083,0.025509723,-1.4660384315231694,-0.0009427377477025606
19978,SIDM00874,Nutlin-3a (-),Gemcitabine,Breast,0.1,Ductal Breast Carcinoma,Female,White,23.0,-0.18073998,-0.009050088,1.2600736637060392,-0.0009427377477025606
33083,SIDM00866,Alpelisib,Temozolomide,Breast,7.5,Ductal Breast Carcinoma,Female,White,52.0,3.2796264,0.16851257,-0.5668414168454129,-0.0009427377477025606
40783,SIDM00488,Olaparib,Taselisib,Large Intestine,0.1,Rectal Adenocarcinoma,Male,Unknown,52.74992395704158,-0.13358644,-0.013753266,-0.14847962948761984,-0.0009427377477025606
98393,SIDM00950,Paclitaxel,Dasatinib,Pancreas,0.5,Pancreatic Adenocarcinoma,Female,Unknown,52.74992395704158,-1.3514757,-0.0953945,-1.3632290816089647,-0.0009427377477025606
89969,SIDM00963,Axitinib,Cisplatin,Breast,4.0,Invasive Ductal Carcinoma Not Otherwise Specified,Female,Unknown,60.0,-2.3763587,-0.16180402,-1.0152456852421496,-0.0009427377477025606
28935,SIDM00878,KU-55933,Bortezomib,Breast,0.0025,Ductal Breast Carcinoma,Female,Black,70.0,0.75693583,0.07483263,-0.1792950952432416,-0.0009427377477025606
23486,SIDM00938,Nilotinib,Axitinib,Breast,4.0,Breast Carcinoma,Female,Unknown,58.0,-0.20657057,-0.019688405,0.7719157147593607,-0.0009427377477025606
70467,SIDM00877,Cisplatin,OSI-027,Breast,1.0,Ductal Breast Carcinoma,Female,White,44.0,-0.62221634,-0.03970699,-0.9395062923118261,-0.0009427377477025606
7070,SIDM00842,SCH772984,Palbociclib,Large Intestine,1.0,Colon Adenocarcinoma,Female,White,55.0,0.36795956,0.008520072,-0.0005301490889006201,-0.0009427377477025606
87953,SIDM00826,Oxaliplatin,Olaparib,Large Intestine,10.0,Colon Adenocarcinoma,Male,White,70.0,0.77642787,0.017453052,1.37988643145659,-0.0009427377477025606
62885,SIDM00872,Sorafenib,Linsitinib,Breast,2.5,Ductal Breast Carcinoma,Female,South Asian,61.0,-1.3463728,-0.048255976,-0.37384593538446004,-0.0009427377477025606
40066,SIDM01037,Bortezomib,5-Fluorouracil,Breast,2.5,Breast Carcinoma,Female,Unknown,62.0,-1.4631209,-0.07941569,-0.5836331638241831,-0.0009427377477025606
24786,SIDM00878,AZD6482,Navitoclax,Breast,2.5,Ductal Breast Carcinoma,Female,Black,70.0,-1.3042855,-0.09747372,-1.1868818682866207,-0.0009427377477025606
61635,SIDM00779,Vinorelbine,Taselisib,Large Intestine,1.0,Cecum Adenocarcinoma,Male,White,33.0,-3.629637,-0.17065783,-0.820254068803812,-0.0009427377477025606
95625,SIDM00148,Cisplatin,Docetaxel,Breast,0.001,Invasive Ductal Carcinoma Not Otherwise Specified,Female,White,69.0,-0.41415003,-0.02341429,-0.3040579658954033,-0.0009427377477025606
57774,SIDM00832,MK-1775,SCH772984,Large Intestine,0.5,Colon Adenocarcinoma,Female,White,81.0,-0.40513155,-0.04695362,-0.43314438378563047,-0.0009427377477025606
86795,SIDM00053,Dactolisib,Oxaliplatin,Pancreas,10.0,Pancreatic Ductal Adenocarcinoma,Male,Unknown,52.74992395704158,0.44618684,0.031175366,-0.13203744509276974,-0.0009427377477025606
88853,SIDM00837,Afatinib,5-Fluorouracil,Large Intestine,10.0,Colon Adenocarcinoma,Female,White,82.0,-1.3569405,-0.06698104,-0.8239321117307133,-0.0009427377477025606
67144,SIDM00505,5-Fluorouracil,Dactolisib,Pancreas,0.05,Pancreatic Ductal Adenocarcinoma,Male,White,65.0,-0.5953943,-0.056532625,-0.018367998448228437,-0.0009427377477025606
52518,SIDM00874,Alpelisib,OSI-027,Breast,1.0,Ductal Breast Carcinoma,Female,White,23.0,2.7089589,0.15531123,1.4379239787433897,-0.0009427377477025606
91145,SIDM00629,Alisertib,Trametinib,Breast,0.01,Invasive Ductal Carcinoma Not Otherwise Specified,Female,White,43.0,-0.61646587,-0.02950189,1.439067329592478,-0.0009427377477025606
25071,SIDM00469,OSI-027,Linsitinib,Pancreas,2.5,Pancreatic Adenocarcinoma,Male,Unknown,52.74992395704158,-0.329932,-0.018276347,-0.39738639258612446,-0.0009427377477025606
97151,SIDM00049,AZD7762,BMS-754807,Large Intestine,0.5,Colorectal Carcinoma,Female,Unknown,46.0,2.19541,0.09686456,1.214887364083774,-0.0009427377477025606
84405,SIDM01056,BI-2536,Taselisib,Breast,0.1,Ductal Breast Carcinoma,Female,White,50.0,3.9480176,0.28511468,-0.03766474256769052,-0.0009427377477025606
87255,SIDM00673,Trametinib,Navitoclax,Breast,2.5,Ductal Breast Carcinoma,Female,Black,49.0,0.3729602,0.02390503,-0.2984465629694712,-0.0009427377477025606
82294,SIDM00630,JQ1,Bortezomib,Breast,0.000625,Breast Adenocarcinoma,Female,White,38.0,-1.3782306,-0.05264229,0.7345809243653584,-0.0009427377477025606
71194,SIDM00633,Cisplatin,Taselisib,Breast,0.1,Invasive Ductal Carcinoma Not Otherwise Specified,Female,Black,56.0,0.6188343,0.014307466,0.8964987668212796,-0.0009427377477025606
51744,SIDM00675,Nutlin-3a (-),PD173074,Breast,10.0,Ductal Breast Carcinoma,Female,White,50.0,-0.004117248,-0.0002754142,0.4103968145761532,-0.0009427377477025606
72612,SIDM00789,AZD4547,Palbociclib,Large Intestine,1.0,Colon Adenocarcinoma,Male,Unknown,52.74992395704158,-1.8726039,-0.117696986,-1.253418344266078,-0.0009427377477025606
87679,SIDM00628,Dabrafenib,Linsitinib,Breast,10.0,Breast Adenocarcinoma,Female,Black,51.0,1.2751789,0.0587283,-0.19993648192144106,-0.0009427377477025606
90129,SIDM00628,ZM447439,MK-1775,Breast,0.625,Breast Adenocarcinoma,Female,Black,51.0,-0.47981885,-0.051996116,1.012576587654118,-0.0009427377477025606
76768,SIDM00826,5-Fluorouracil,AZD7762,Large Intestine,0.25,Colon Adenocarcinoma,Male,White,70.0,-0.5792842,-0.017184597,-0.0373117724521007,-0.0009427377477025606
43629,SIDM00885,Doramapimod,Olaparib,Breast,10.0,Ductal Breast Carcinoma,Female,White,41.0,-1.5798955,-0.009661736,-1.5314387474738398,-0.0009427377477025606
4176,SIDM01187,Axitinib,Temozolomide,Breast,30.0,Invasive Ductal Carcinoma Not Otherwise Specified,Female,Unknown,43.0,-1.4883026,-0.06450539,-1.408229895042011,-0.0009427377477025606
30064,SIDM00534,AZD7762,SCH772984,Large Intestine,0.5,Colon Carcinoma,Unknown,Unknown,52.74992395704158,-0.5838409,-0.021960616,0.6749113368405354,-0.0009427377477025606
2646,SIDM01136,MK-2206,Trametinib,Pancreas,1.0,Pancreatic Ductal Adenocarcinoma,Male,White,85.0,-3.4775977,-0.18532985,-2.1896568072183977,-0.0009427377477025606
64666,SIDM00631,Gemcitabine,5-Fluorouracil,Breast,10.0,Breast Carcinoma,Female,White,43.0,3.030077,0.20717058,0.034024829126653895,-0.0009427377477025606
68234,SIDM00132,Olaparib,OSI-027,Pancreas,1.0,Pancreatic Ductal Adenocarcinoma,Female,Unknown,61.0,1.3688366,0.10676687,0.3531973184945471,-0.0009427377477025606
42931,SIDM00772,MK-1775,Gemcitabine,Breast,0.1,Ductal Breast Carcinoma,Female,White,38.0,1.3931485,0.05415426,0.271640031963718,-0.0009427377477025606
26402,SIDM00130,MK-1775,Taselisib,Pancreas,2.0,Pancreatic Ductal Adenocarcinoma,Male,White,26.0,-0.31728232,-0.020739028,-0.9954712644574326,-0.0009427377477025606
46670,SIDM00359,Linsitinib,Afatinib,Large Intestine,0.25,Rectal Adenocarcinoma,Female,Unknown,52.74992395704158,1.5773872,0.121289,-0.6246574191161223,-0.0009427377477025606
2533,SIDM00774,Temozolomide,Vorinostat,Breast,2.0,Ductal Breast Carcinoma,Female,Black,48.0,-0.22959313,-0.025144,0.556215739812845,-0.0009427377477025606
93725,SIDM00146,Ribociclib,Pictilisib,Breast,0.125,Breast Adenocarcinoma,Female,White,51.0,4.2876177,0.21507719,0.16222110294905687,-0.0009427377477025606
63621,SIDM00866,Pictilisib,OSI-027,Breast,0.25,Ductal Breast Carcinoma,Female,White,52.0,-2.2935054,-0.080632456,-1.3328701449263856,-0.0009427377477025606
29616,SIDM00920,Luminespib,Vorinostat,Breast,2.0,Breast Adenocarcinoma,Female,White,51.0,1.9439782,0.118249856,0.9989386691009657,-0.0009427377477025606
105360,SIDM00877,NU7441,Navitoclax,Breast,0.625,Ductal Breast Carcinoma,Female,White,44.0,-1.6430435,-0.07222859,0.44835780579254597,-0.0009427377477025606
98098,SIDM01186,GSK269962A,Docetaxel,Breast,0.00025,Invasive Ductal Carcinoma Not Otherwise Specified,Female,White,57.0,-1.2552749,-0.12318515,0.08723650840073507,-0.0009427377477025606
84908,SIDM00150,AZD8055,Oxaliplatin,Large Intestine,1.0,Colon Carcinoma,Unknown,Unknown,52.74992395704158,-2.6619012,-0.1379449,-0.9947062807285719,-0.0009427377477025606
40842,SIDM00950,Irinotecan,Taselisib,Pancreas,0.5,Pancreatic Adenocarcinoma,Female,Unknown,52.74992395704158,2.2930274,0.1979373,0.3936003652854317,-0.0009427377477025606
45534,SIDM01137,Cisplatin,Trametinib,Pancreas,1.0,Pancreatic Ductal Adenocarcinoma,Male,White,70.0,4.9135976,0.12863253,2.3051199047688002,-0.0009427377477025606
104441,SIDM00826,Oxaliplatin,Afatinib,Large Intestine,1.0,Colon Adenocarcinoma,Male,White,70.0,-0.25499755,-0.016557666,0.0013321102532190424,-0.0009427377477025606
85238,SIDM00892,Tozasertib,MK-2206,Breast,0.25,Invasive Ductal Carcinoma Not Otherwise Specified,Female,White,23.0,-0.9815222,-0.0905386,-1.2543645775449135,-0.0009427377477025606
8821,SIDM00772,Camptothecin,Nutlin-3a (-),Breast,2.5,Ductal Breast Carcinoma,Female,White,38.0,1.8189553,0.13061893,0.12176060931418849,-0.0009427377477025606
38917,SIDM00670,Navitoclax,Paclitaxel,Pancreas,0.025,Pancreatic Adenocarcinoma,Female,White,64.0,-1.1389273,-0.0438305,0.14407539396661037,-0.0009427377477025606
26323,SIDM00963,Sorafenib,Temozolomide,Breast,30.0,Invasive Ductal Carcinoma Not Otherwise Specified,Female,Unknown,60.0,2.5465574,0.23693657,0.3727687070484082,-0.0009427377477025606
8215,SIDM00877,Alpelisib,Linsitinib,Breast,10.0,Ductal Breast Carcinoma,Female,White,44.0,1.3754003,0.065046564,-0.7834471215587346,-0.0009427377477025606
107094,SIDM01062,Ribociclib,Luminespib,Breast,0.01,Breast Carcinoma,Female,Unknown,50.0,-3.178525,-0.15160075,1.9410669023511296,-0.0009427377477025606
102746,SIDM00455,SCH772984,Paclitaxel,Pancreas,0.0025,Pancreatic Adenocarcinoma,Female,Unknown,44.0,-1.1559218,-0.097794645,-0.4231093385677512,-0.0009427377477025606
51123,SIDM00487,Camptothecin,AZD8055,Large Intestine,0.5,Colon Adenocarcinoma,Female,Unknown,52.74992395704158,-0.5039336,-0.034664914,-1.3750916802670885,-0.0009427377477025606
40750,SIDM00772,Doramapimod,Crizotinib,Breast,0.625,Ductal Breast Carcinoma,Female,White,38.0,2.157539,0.011298004,1.4542073999636969,-0.0009427377477025606
50090,SIDM00893,Luminespib,Nutlin-3a (-),Breast,10.0,Invasive Ductal Carcinoma Not Otherwise Specified,Female,White,74.0,-1.9901288,-0.13547762,-1.2738918429567294,-0.0009427377477025606
89963,SIDM00783,Linsitinib,SB505124,Large Intestine,0.625,Colon Carcinoma,Male,Unknown,52.74992395704158,-4.589785,-0.085399486,-0.10885904166608881,-0.0009427377477025606
98213,SIDM00241,Olaparib,MK-2206,Breast,0.25,Breast Carcinoma,Female,East Asian,53.0,0.5098101,0.033223975,0.7259217089875103,-0.0009427377477025606
93268,SIDM01042,NU7441,Lapatinib,Breast,2.5,Breast Carcinoma,Female,Unknown,52.74992395704158,0.71751606,0.03795946,0.5409798978912822,-0.0009427377477025606
52293,SIDM00779,Palbociclib,AZD4547,Large Intestine,2.5,Cecum Adenocarcinoma,Male,White,33.0,-1.2226076,-0.0353754,-1.2356484216590817,-0.0009427377477025606
65743,SIDM01062,Linsitinib,OSI-027,Breast,0.25,Breast Carcinoma,Female,Unknown,50.0,0.0713528,0.009147629,-0.5673353575653439,-0.0009427377477025606
63878,SIDM00875,Linsitinib,Pictilisib,Breast,0.5,Squamous Cell Breast Carcinoma Acantholytic Variant,Female,Black,60.0,2.8527033,0.1899011,-0.18930521183528054,-0.0009427377477025606
89172,SIDM00132,MK-2206,Cisplatin,Pancreas,0.8,Pancreatic Ductal Adenocarcinoma,Female,Unknown,61.0,1.2617261,0.10497286,-0.32320817918008843,-0.0009427377477025606
24307,SIDM00630,PF-4708671,Lapatinib,Breast,0.625,Breast Adenocarcinoma,Female,White,38.0,0.6449167,0.031846218,0.5582285046219392,-0.0009427377477025606
106009,SIDM00122,Olaparib,Cisplatin,Breast,4.0,Invasive Ductal Carcinoma Not Otherwise Specified,Female,White,72.0,1.5814192,0.04538683,0.8606780246208464,-0.0009427377477025606
84918,SIDM00933,Venetoclax,AZD7762,Breast,0.25,Breast Carcinoma,Female,Unknown,45.0,-0.81303406,-0.08784864,-0.6929224313589201,-0.0009427377477025606
33990,SIDM00214,AZD7762,Vinorelbine,Large Intestine,0.0025,Colon Adenocarcinoma,Male,East Asian,37.0,0.5011939,0.013347407,0.5855415968341393,-0.0009427377477025606
30903,SIDM00950,Erlotinib,Palbociclib,Pancreas,2.0,Pancreatic Adenocarcinoma,Female,Unknown,52.74992395704158,-0.8195761,-0.080382116,-0.17171162640655266,-0.0009427377477025606
56838,SIDM00950,Crizotinib,Sorafenib,Pancreas,1.25,Pancreatic Adenocarcinoma,Female,Unknown,52.74992395704158,-1.1577059,-0.046551358,-0.4987997972962435,-0.0009427377477025606
96289,SIDM00940,Nutlin-3a (-),Taselisib,Breast,1.0,Breast Carcinoma,Female,Unknown,43.0,0.36733457,0.05665527,-0.6996723490313952,-0.0009427377477025606
31839,SIDM00332,5-Fluorouracil,Temozolomide,Breast,7.5,Breast Carcinoma,Female,Unknown,52.74992395704158,-2.2429888,-0.07712695,-1.0546420995259285,-0.0009427377477025606
63912,SIDM00899,Cisplatin,LGK974,Pancreas,10.0,Pancreatic Ductal Adenocarcinoma,Female,White,62.0,-0.1928163,-0.021211278,0.29466875675612275,-0.0009427377477025606
41947,SIDM00097,AZD6482,Temozolomide,Breast,7.5,Invasive Ductal Carcinoma Not Otherwise Specified,Female,Unknown,54.0,-2.4493482,-0.11059853,-0.9729730900299445,-0.0009427377477025606
90637,SIDM00898,5-Fluorouracil,Taselisib,Breast,0.1,Breast Adenocarcinoma,Female,White,43.0,2.7964325,0.1420342,1.0936678872012406,-0.0009427377477025606
46892,SIDM00783,Oxaliplatin,Linsitinib,Large Intestine,10.0,Colon Carcinoma,Male,Unknown,52.74992395704158,0.73430896,0.079193965,-0.07347563888612925,-0.0009427377477025606
21678,SIDM00146,Alisertib,Crizotinib,Breast,0.625,Breast Adenocarcinoma,Female,White,51.0,2.2266486,0.16325964,0.8214068119350811,-0.0009427377477025606
54421,SIDM01165,Navitoclax,MK-2206,Pancreas,1.25,Pancreatic Adenocarcinoma,Male,White,56.0,-0.9639299,-0.05218211,-0.5375143561135384,-0.0009427377477025606
58266,SIDM00633,PD173074,Docetaxel,Breast,0.001,Invasive Ductal Carcinoma Not Otherwise Specified,Female,Black,56.0,-0.2393762,-0.022607021,-0.7329245892430378,-0.0009427377477025606
1619,SIDM00874,Afatinib,Docetaxel,Breast,0.00025,Ductal Breast Carcinoma,Female,White,23.0,-1.6774998,-0.051446922,-1.089392977040343,-0.0009427377477025606
97109,SIDM00928,AZD6482,Trametinib,Breast,0.01,Breast Carcinoma,Female,Unknown,35.0,-0.8754768,-0.060308106,0.915637944956452,-0.0009427377477025606
16494,SIDM00943,SCH772984,Crizotinib,Pancreas,1.0,Pancreatic Ductal Adenocarcinoma,Male,White,56.0,-1.901267,-0.08646531,0.4206622412278452,-0.0009427377477025606
92597,SIDM00150,Crizotinib,MK-2206,Large Intestine,10.0,Colon Carcinoma,Unknown,Unknown,52.74992395704158,-1.5426317,-0.15183616,0.471940302416045,-0.0009427377477025606
88786,SIDM00893,Nutlin-3a (-),Taselisib,Breast,1.0,Invasive Ductal Carcinoma Not Otherwise Specified,Female,White,74.0,-0.25455922,-0.018369857,0.3856817499745674,-0.0009427377477025606
63681,SIDM00631,Paclitaxel,Axitinib,Breast,4.0,Breast Carcinoma,Female,White,43.0,-1.1407617,-0.10953435,-1.7208612099502685,-0.0009427377477025606
63754,SIDM00628,SCH772984,Luminespib,Breast,0.01,Breast Adenocarcinoma,Female,Black,51.0,0.26294452,0.025459807,0.816910459697778,-0.0009427377477025606
9491,SIDM00882,SCH772984,Crizotinib,Breast,0.625,Ductal Breast Carcinoma,Female,Other,42.0,-0.71182746,-0.04145273,-0.8732568051484046,-0.0009427377477025606
81842,SIDM00898,KU-55933,Taselisib,Breast,1.0,Breast Adenocarcinoma,Female,White,43.0,2.0843456,0.16724464,-1.0300469925267381,-0.0009427377477025606
1004,SIDM01096,Olaparib,5-Fluorouracil,Large Intestine,10.0,Colon Adenocarcinoma,Male,White,65.0,2.2726815,0.19330093,0.9139874994643085,-0.0009427377477025606
73788,SIDM00528,OSI-027,PD173074,Breast,10.0,Breast Adenocarcinoma,Female,White,40.0,3.7722878,0.29444432,-0.15007753672395258,-0.0009427377477025606
33870,SIDM00135,Navitoclax,PD173074,Breast,2.5,Invasive Ductal Carcinoma Not Otherwise Specified,Female,White,74.0,3.9319386,0.3419688,1.9389441698109793,-0.0009427377477025606
19775,SIDM00866,PF-4708671,Cisplatin,Breast,4.0,Ductal Breast Carcinoma,Female,White,52.0,1.97672,0.1278281,0.9690457901490328,-0.0009427377477025606
54305,SIDM00562,Uprosertib,Taselisib,Breast,0.1,Breast Carcinoma,Female,Unknown,46.0,0.16107954,0.007920296,-0.2776606148689673,-0.0009427377477025606
47255,SIDM01056,Wee1 Inhibitor,Docetaxel,Breast,0.001,Ductal Breast Carcinoma,Female,White,50.0,0.8600269,0.07154685,-0.48760877888259246,-0.0009427377477025606
27197,SIDM00453,Paclitaxel,MK-1775,Pancreas,2.0,Pancreatic Adenocarcinoma,Female,Unknown,64.0,-0.5969384,-0.02753076,0.2591292993976243,-0.0009427377477025606
74432,SIDM00505,Crizotinib,LGK974,Pancreas,2.5,Pancreatic Ductal Adenocarcinoma,Male,White,65.0,-2.233824,-0.20466194,-1.131626043614671,-0.0009427377477025606
13554,SIDM00146,AZD7762,Linsitinib,Breast,10.0,Breast Adenocarcinoma,Female,White,51.0,-0.5789948,-0.016619297,0.07563069371299375,-0.0009427377477025606
70659,SIDM00541,Palbociclib,Nutlin-3a (-),Large Intestine,10.0,Colon Carcinoma,Unknown,Unknown,52.74992395704158,1.2459582,0.0484555,-1.0691851009780002,-0.0009427377477025606
57995,SIDM01042,RO-3306,Axitinib,Breast,1.0,Breast Carcinoma,Female,Unknown,52.74992395704158,-2.638473,-0.06718972,-1.4112333597556288,-0.0009427377477025606
86069,SIDM00842,Crizotinib,Vinorelbine,Large Intestine,0.0025,Colon Adenocarcinoma,Female,White,55.0,0.5382803,0.036025524,-0.04639639492970741,-0.0009427377477025606
71265,SIDM00971,Temozolomide,MK-1775,Breast,0.625,Invasive Ductal Carcinoma Not Otherwise Specified,Female,Black,47.0,-1.0081005,-0.091732934,-1.288748002875009,-0.0009427377477025606
15074,SIDM00097,Lapatinib,Pictilisib,Breast,0.125,Invasive Ductal Carcinoma Not Otherwise Specified,Female,Unknown,54.0,1.7828978,0.15536863,0.6838546632201735,-0.0009427377477025606
96518,SIDM00971,Uprosertib,Nutlin-3a (-),Breast,2.5,Invasive Ductal Carcinoma Not Otherwise Specified,Female,Black,47.0,4.1269827,0.18420747,1.5242477324868307,-0.0009427377477025606
11502,SIDM00633,Olaparib,Pictilisib,Breast,0.5,Invasive Ductal Carcinoma Not Otherwise Specified,Female,Black,56.0,-3.6593385,-0.14094302,0.11074114081610387,-0.0009427377477025606
84043,SIDM00957,LGK974,Trametinib,Large Intestine,0.1,Colon Carcinoma,Male,Unknown,69.0,-0.4435112,-0.038471155,0.12029581678875359,-0.0009427377477025606
58389,SIDM00899,OSI-027,Paclitaxel,Pancreas,0.025,Pancreatic Ductal Adenocarcinoma,Female,White,62.0,-1.2825264,-0.032839518,-0.17208624010212775,-0.0009427377477025606
108145,SIDM01165,Lapatinib,LGK974,Pancreas,2.5,Pancreatic Adenocarcinoma,Male,White,56.0,-1.6722584,-0.06841454,-0.6571850942504116,-0.0009427377477025606
95166,SIDM00541,Crizotinib,SCH772984,Large Intestine,0.5,Colon Carcinoma,Unknown,Unknown,52.74992395704158,-1.4615053,-0.11349257,-0.7157185647409081,-0.0009427377477025606
9408,SIDM00571,Cisplatin,Erlotinib,Pancreas,2.5,Pancreatic Adenosquamous Carcinoma,Male,East Asian,75.0,0.7876562,0.06329064,-0.6891408557152583,-0.0009427377477025606
39581,SIDM00148,MK-1775,AZD7762,Breast,0.0625,Invasive Ductal Carcinoma Not Otherwise Specified,Female,White,69.0,-2.3750794,-0.061709594,-0.9615218112762092,-0.0009427377477025606
71396,SIDM00866,Navitoclax,5-Fluorouracil,Breast,2.5,Ductal Breast Carcinoma,Female,White,52.0,2.4395506,0.12115471,-0.5486830061286383,-0.0009427377477025606
39552,SIDM00837,Vinorelbine,Palbociclib,Large Intestine,4.0,Colon Adenocarcinoma,Female,White,82.0,-1.1363695,-0.023036573,0.27931875371993564,-0.0009427377477025606
72281,SIDM00498,Camptothecin,Taselisib,Large Intestine,1.0,Cecum Adenocarcinoma,Female,East Asian,77.0,1.9505881,0.029449867,1.0076684799377789,-0.0009427377477025606
49419,SIDM00940,Trametinib,Taselisib,Breast,1.0,Breast Carcinoma,Female,Unknown,43.0,0.31618303,0.03627339,1.0347004510983326,-0.0009427377477025606
13095,SIDM00132,Oxaliplatin,Gemcitabine,Pancreas,0.01,Pancreatic Ductal Adenocarcinoma,Female,Unknown,61.0,0.8463174,0.054062378,-0.200649080207487,-0.0009427377477025606
9357,SIDM01042,Nilotinib,Temozolomide,Breast,7.5,Breast Carcinoma,Female,Unknown,52.74992395704158,1.0973359,0.04148634,0.42367702909115473,-0.0009427377477025606
92213,SIDM00629,Paclitaxel,Bortezomib,Breast,0.0025,Invasive Ductal Carcinoma Not Otherwise Specified,Female,White,43.0,0.9172781,0.041016478,0.7445684638830593,-0.0009427377477025606
66969,SIDM00899,5-Fluorouracil,Dasatinib,Pancreas,0.5,Pancreatic Ductal Adenocarcinoma,Female,White,62.0,-2.4562123,-0.11554383,-1.8076528830693228,-0.0009427377477025606
78787,SIDM00898,MK-1775,Cisplatin,Breast,4.0,Breast Adenocarcinoma,Female,White,43.0,0.50716954,0.046861086,0.22715399090448002,-0.0009427377477025606
8646,SIDM00631,Paclitaxel,Linsitinib,Breast,10.0,Breast Carcinoma,Female,White,43.0,0.44603714,0.010893106,0.8763517704749205,-0.0009427377477025606
48465,SIDM00053,Oxaliplatin,Paclitaxel,Pancreas,0.0025,Pancreatic Ductal Adenocarcinoma,Male,Unknown,52.74992395704158,0.26908776,0.0325055,0.11818381897853045,-0.0009427377477025606
82471,SIDM00934,Palbociclib,Gemcitabine,Pancreas,0.01,Pancreatic Ductal Adenocarcinoma,Male,White,40.0,0.52706015,0.015608435,1.2717835789414267,-0.0009427377477025606
39988,SIDM00633,SCH772984,Lapatinib,Breast,2.5,Invasive Ductal Carcinoma Not Otherwise Specified,Female,Black,56.0,4.9394293,0.1742457,0.9971756426304409,-0.0009427377477025606
1824,SIDM00872,Tozasertib,Crizotinib,Breast,0.625,Ductal Breast Carcinoma,Female,South Asian,61.0,3.618314,0.13748233,1.0062051115746826,-0.0009427377477025606
85355,SIDM00505,Navitoclax,SCH772984,Pancreas,4.0,Pancreatic Ductal Adenocarcinoma,Male,White,65.0,-0.41532663,-0.014694362,-0.1338102457993435,-0.0009427377477025606
48380,SIDM00664,Lapatinib,Linsitinib,Pancreas,2.5,Pancreatic Adenocarcinoma,Male,White,46.0,-1.3110254,-0.102962494,-0.8008656069974623,-0.0009427377477025606
97231,SIDM00920,RO-3306,Bortezomib,Breast,0.0025,Breast Adenocarcinoma,Female,White,51.0,-1.5295639,-0.115122326,0.023779275623200754,-0.0009427377477025606
91014,SIDM00877,PD173074,Olaparib,Breast,2.5,Ductal Breast Carcinoma,Female,White,44.0,1.551559,0.09639663,-0.7791250088292074,-0.0009427377477025606
107446,SIDM00633,Tozasertib,Cisplatin,Breast,1.0,Invasive Ductal Carcinoma Not Otherwise Specified,Female,Black,56.0,2.3381152,0.11442118,1.1052055680304962,-0.0009427377477025606
29104,SIDM01002,Navitoclax,Olaparib,Breast,2.5,Breast Carcinoma,Female,White,46.0,3.666706,0.23563203,1.1761339025791586,-0.0009427377477025606
49058,SIDM00954,Tozasertib,Palbociclib,Breast,4.0,Breast Carcinoma,Female,Unknown,52.0,3.713331,0.11980146,1.5083026218656057,-0.0009427377477025606
82055,SIDM00885,MK-1775,5-Fluorouracil,Breast,10.0,Ductal Breast Carcinoma,Female,White,41.0,1.4139979,0.1373469,0.7490947543639518,-0.0009427377477025606
19565,SIDM00241,Afatinib,MK-2206,Breast,0.25,Breast Carcinoma,Female,East Asian,53.0,-1.8999423,-0.2640702,0.5808801708845918,-0.0009427377477025606
57793,SIDM00633,Trametinib,Lapatinib,Breast,0.625,Invasive Ductal Carcinoma Not Otherwise Specified,Female,Black,56.0,-1.4402809,-0.116536394,-0.4148114983801867,-0.0009427377477025606
24457,SIDM00359,Vinorelbine,Crizotinib,Large Intestine,0.625,Rectal Adenocarcinoma,Female,Unknown,52.74992395704158,1.084764,0.09433483,-1.6535003909252413,-0.0009427377477025606
39414,SIDM00772,Palbociclib,MK-2206,Breast,0.25,Ductal Breast Carcinoma,Female,White,38.0,1.1339372,0.03751518,0.8967135909642234,-0.0009427377477025606
19177,SIDM00241,Gemcitabine,Pictilisib,Breast,0.5,Breast Carcinoma,Female,East Asian,53.0,-1.863799,-0.14650889,0.25799728216822343,-0.0009427377477025606
48223,SIDM00963,Camptothecin,PD173074,Breast,10.0,Invasive Ductal Carcinoma Not Otherwise Specified,Female,Unknown,60.0,-0.8238893,-0.08000116,0.012015220166297193,-0.0009427377477025606
74598,SIDM00779,MK-2206,Camptothecin,Large Intestine,0.025,Cecum Adenocarcinoma,Male,White,33.0,3.5923758,0.10504366,2.259439189976481,-0.0009427377477025606
106830,SIDM00877,Doramapimod,Luminespib,Breast,0.01,Ductal Breast Carcinoma,Female,White,44.0,1.3416853,0.10606649,0.033314231045718665,-0.0009427377477025606
73550,SIDM01165,Gemcitabine,Palbociclib,Pancreas,2.0,Pancreatic Adenocarcinoma,Male,White,56.0,-0.32173163,-0.017036268,-1.2810733263511294,-0.0009427377477025606
96948,SIDM00332,SCH772984,5-Fluorouracil,Breast,10.0,Breast Carcinoma,Female,Unknown,52.74992395704158,1.0954779,0.07983368,-0.17790827134632814,-0.0009427377477025606
49133,SIDM00571,SCH772984,Dasatinib,Pancreas,0.05,Pancreatic Adenosquamous Carcinoma,Male,East Asian,75.0,1.7813504,0.07776701,0.8674731315760934,-0.0009427377477025606
31029,SIDM00834,AZD4547,Navitoclax,Large Intestine,1.0,Rectal Adenocarcinoma,Female,White,66.0,1.3412418,0.09353527,-1.0354658980869438,-0.0009427377477025606
68245,SIDM00633,Tozasertib,MK-1775,Breast,2.5,Invasive Ductal Carcinoma Not Otherwise Specified,Female,Black,56.0,0.21110262,0.0054378603,0.6048841373379914,-0.0009427377477025606
55529,SIDM01186,Luminespib,Bortezomib,Breast,0.000625,Invasive Ductal Carcinoma Not Otherwise Specified,Female,White,57.0,-2.4077222,-0.15749884,-1.4914559268775982,-0.0009427377477025606
15538,SIDM00839,Linsitinib,Olaparib,Large Intestine,2.5,Colon Adenocarcinoma,Male,White,56.0,-0.05946732,-0.0038588843,-0.8806655807643277,-0.0009427377477025606
95358,SIDM00118,SCH772984,AZD4547,Large Intestine,10.0,Colon Adenocarcinoma,Unknown,Unknown,52.74992395704158,-1.5198213,-0.1975582,2.918928955712177,-0.0009427377477025606
83349,SIDM00812,Crizotinib,SB505124,Large Intestine,2.5,Colon Adenocarcinoma,Female,White,53.0,-2.7366154,-0.08645687,-0.3073149254408488,-0.0009427377477025606
86679,SIDM00832,5-Fluorouracil,Navitoclax,Large Intestine,0.1,Colon Adenocarcinoma,Female,White,81.0,-1.640633,-0.12874894,1.271750870983966,-0.0009427377477025606
19415,SIDM00971,Taselisib,Nutlin-3a (-),Breast,2.5,Invasive Ductal Carcinoma Not Otherwise Specified,Female,Black,47.0,1.8738723,0.045976594,-1.3061512425270672,-0.0009427377477025606
101757,SIDM00933,Bortezomib,Linsitinib,Breast,2.5,Breast Carcinoma,Female,Unknown,45.0,-1.2443074,-0.053248078,0.08549613365392918,-0.0009427377477025606
25911,SIDM01165,Oxaliplatin,Paclitaxel,Pancreas,0.0025,Pancreatic Adenocarcinoma,Male,White,56.0,-4.2499175,-0.25014946,-0.8325406439451036,-0.0009427377477025606
5973,SIDM00122,MK-1775,Axitinib,Breast,4.0,Invasive Ductal Carcinoma Not Otherwise Specified,Female,White,72.0,-1.315951,-0.15559612,-0.13251927875208702,-0.0009427377477025606
11918,SIDM01056,AZD8055,5-Fluorouracil,Breast,2.5,Ductal Breast Carcinoma,Female,White,50.0,-1.013448,-0.020065947,-0.4047035278600211,-0.0009427377477025606
938,SIDM00938,Vorinostat,MK-2206,Breast,0.25,Breast Carcinoma,Female,Unknown,58.0,-4.411241,-0.13682252,-2.788196189984788,-0.0009427377477025606
71943,SIDM00562,Cisplatin,Lapatinib,Breast,0.625,Breast Carcinoma,Female,Unknown,46.0,-2.0729187,-0.058713555,0.3235243381148959,-0.0009427377477025606
63679,SIDM00892,Crizotinib,Cisplatin,Breast,4.0,Invasive Ductal Carcinoma Not Otherwise Specified,Female,White,23.0,2.730659,0.21315435,2.444310741516887,-0.0009427377477025606
95397,SIDM00866,Ribociclib,MK-1775,Breast,2.5,Ductal Breast Carcinoma,Female,White,52.0,0.42007524,0.044576574,-1.0798132715179067,-0.0009427377477025606
63553,SIDM00841,Nutlin-3a (-),Palbociclib,Large Intestine,4.0,Colon Adenocarcinoma,Male,White,51.0,6.006445,0.45270917,0.7963033357652932,-0.0009427377477025606
47076,SIDM00049,Dabrafenib,LGK974,Large Intestine,10.0,Colorectal Carcinoma,Female,Unknown,46.0,2.9566712,0.11117117,1.4550959114215039,-0.0009427377477025606
69005,SIDM00938,Ribociclib,Bortezomib,Breast,0.000625,Breast Carcinoma,Female,Unknown,58.0,-1.458588,-0.08123362,-0.7314738994937685,-0.0009427377477025606
9409,SIDM01062,BI-2536,PD173074,Breast,10.0,Breast Carcinoma,Female,Unknown,50.0,0.8941904,0.032461043,-0.5248867134178243,-0.0009427377477025606
4374,SIDM00629,Alisertib,OSI-027,Breast,1.0,Invasive Ductal Carcinoma Not Otherwise Specified,Female,White,43.0,-0.7927359,-0.023792407,0.7912682447403852,-0.0009427377477025606
70174,SIDM01139,Irinotecan,LGK974,Pancreas,2.5,Pancreatic Adenocarcinoma,Female,White,70.0,0.8836002,0.0782855,1.212448305673911,-0.0009427377477025606
6715,SIDM00148,PD173074,Crizotinib,Breast,2.5,Invasive Ductal Carcinoma Not Otherwise Specified,Female,White,69.0,-0.7854324,-0.08271728,-0.27291039900003145,-0.0009427377477025606
86488,SIDM00940,Nilotinib,Taselisib,Breast,1.0,Breast Carcinoma,Female,Unknown,43.0,-1.0566539,-0.10251889,0.5464644742762681,-0.0009427377477025606
93127,SIDM00132,Oxaliplatin,Olaparib,Pancreas,10.0,Pancreatic Ductal Adenocarcinoma,Female,Unknown,61.0,-1.498955,-0.056781415,-1.0278716422955134,-0.0009427377477025606
90867,SIDM00359,Nutlin-3a (-),AZD7762,Large Intestine,0.25,Rectal Adenocarcinoma,Female,Unknown,52.74992395704158,0.41119826,0.028473852,-0.8432646324367151,-0.0009427377477025606
26794,SIDM00943,Dasatinib,Paclitaxel,Pancreas,0.025,Pancreatic Ductal Adenocarcinoma,Male,White,56.0,-3.2276402,-0.15895756,-2.0056015632325175,-0.0009427377477025606
3685,SIDM00146,Dabrafenib,MK-1775,Breast,2.5,Breast Adenocarcinoma,Female,White,51.0,-3.0042539,-0.050991844,0.8076256139182437,-0.0009427377477025606
78520,SIDM00633,PD173074,Trametinib,Breast,0.1,Invasive Ductal Carcinoma Not Otherwise Specified,Female,Black,56.0,-0.75901085,-0.06491469,-1.9204815991604933,-0.0009427377477025606
74619,SIDM00772,NU7441,PD173074,Breast,10.0,Ductal Breast Carcinoma,Female,White,38.0,-2.9226818,-0.118354276,-0.7243775854868244,-0.0009427377477025606
84224,SIDM00898,Olaparib,Crizotinib,Breast,0.625,Breast Adenocarcinoma,Female,White,43.0,-0.47845766,-0.014471332,1.8668502999162877,-0.0009427377477025606
41952,SIDM00812,Linsitinib,Oxaliplatin,Large Intestine,5.0,Colon Adenocarcinoma,Female,White,53.0,0.4860318,0.009270461,0.22532940826962622,-0.0009427377477025606
74539,SIDM00673,GSK269962A,Crizotinib,Breast,2.5,Ductal Breast Carcinoma,Female,Black,49.0,-2.2368028,-0.07911139,-0.6424350548438236,-0.0009427377477025606
21436,SIDM00774,Lapatinib,Linsitinib,Breast,2.5,Ductal Breast Carcinoma,Female,Black,48.0,2.7739937,0.15670292,0.07194631895913556,-0.0009427377477025606
18851,SIDM01042,OSI-027,Temozolomide,Breast,30.0,Breast Carcinoma,Female,Unknown,52.74992395704158,-3.752288,-0.1943344,-1.585687835478386,-0.0009427377477025606
4995,SIDM00783,Dabrafenib,Camptothecin,Large Intestine,0.025,Colon Carcinoma,Male,Unknown,52.74992395704158,-1.1826619,-0.104475595,-0.30119810507576356,-0.0009427377477025606
59925,SIDM00571,Cisplatin,OSI-027,Pancreas,1.0,Pancreatic Adenosquamous Carcinoma,Male,East Asian,75.0,2.053154,0.35255954,2.030452795951213,-0.0009427377477025606
30932,SIDM01233,Palbociclib,Oxaliplatin,Large Intestine,5.0,Colon Adenocarcinoma,Male,White,72.0,1.3536996,0.042111274,1.7664046749126263,-0.0009427377477025606
82251,SIDM00680,Palbociclib,AZD8055,Large Intestine,0.5,Colon Adenocarcinoma,Female,White,58.0,-0.52844906,-0.043350015,-0.9324812993049587,-0.0009427377477025606
1918,SIDM00675,PF-4708671,Gemcitabine,Breast,0.01,Ductal Breast Carcinoma,Female,White,50.0,-3.2878861,-0.15835774,-0.5444865039632916,-0.0009427377477025606
79627,SIDM01042,Camptothecin,MK-2206,Breast,1.0,Breast Carcinoma,Female,Unknown,52.74992395704158,-0.70214,-0.06457441,-1.213000927813935,-0.0009427377477025606
17712,SIDM01042,BI-2536,Axitinib,Breast,4.0,Breast Carcinoma,Female,Unknown,52.74992395704158,-1.6400753,-0.09901757,-0.802583448363214,-0.0009427377477025606
54675,SIDM00583,Irinotecan,Oxaliplatin,Pancreas,10.0,Pancreatic Ductal Adenocarcinoma,Male,White,56.0,0.61709803,0.012041983,1.2681088383407675,-0.0009427377477025606
81259,SIDM00872,PF-4708671,PD173074,Breast,2.5,Ductal Breast Carcinoma,Female,South Asian,61.0,-1.6853051,-0.08497664,-0.1727604325506215,-0.0009427377477025606
33733,SIDM00943,AZD7762,Taselisib,Pancreas,0.5,Pancreatic Ductal Adenocarcinoma,Male,White,56.0,-2.5837772,-0.117562756,-0.14067248227991125,-0.0009427377477025606
72320,SIDM00834,BMS-754807,SB505124,Large Intestine,2.5,Rectal Adenocarcinoma,Female,White,66.0,-1.2746542,-0.09201101,-0.09504415711204257,-0.0009427377477025606
20467,SIDM00241,Temozolomide,Pictilisib,Breast,0.125,Breast Carcinoma,Female,East Asian,53.0,-2.3606915,-0.11908205,-0.3031226185752355,-0.0009427377477025606
101688,SIDM00872,Ribociclib,MK-1775,Breast,2.5,Ductal Breast Carcinoma,Female,South Asian,61.0,-0.09874185,-0.012635639,-0.3921170394222162,-0.0009427377477025606
104076,SIDM00898,Trametinib,Gemcitabine,Breast,0.1,Breast Adenocarcinoma,Female,White,43.0,2.328481,0.083226,1.595612795257215,-0.0009427377477025606
41725,SIDM00533,Crizotinib,Oxaliplatin,Pancreas,10.0,Pancreatic Adenocarcinoma,Male,East Asian,66.0,0.6624135,0.06834333,-0.7648080114566878,-0.0009427377477025606
42783,SIDM00630,Linsitinib,Vorinostat,Breast,0.5,Breast Adenocarcinoma,Female,White,38.0,-0.45889428,-0.01787471,-0.4779042312606732,-0.0009427377477025606
98980,SIDM00411,Taselisib,Paclitaxel,Pancreas,0.025,Pancreatic Carcinoma,Male,East Asian,43.0,0.42996344,0.0324776,-0.6630981113556565,-0.0009427377477025606
89541,SIDM00631,AZD8055,Nutlin-3a (-),Breast,10.0,Breast Carcinoma,Female,White,43.0,-0.8175287,-0.07310096,-1.00873438045776,-0.0009427377477025606
32160,SIDM00628,Wee1 Inhibitor,Lapatinib,Breast,2.5,Breast Adenocarcinoma,Female,Black,51.0,2.2019484,0.06889057,0.41691939629176933,-0.0009427377477025606
60412,SIDM00282,Navitoclax,Nutlin-3a (-),Large Intestine,10.0,Colon Adenocarcinoma,Female,East Asian,55.0,2.376455,0.1872619,1.265812040187591,-0.0009427377477025606
40483,SIDM00892,PD173074,MK-1775,Breast,2.5,Invasive Ductal Carcinoma Not Otherwise Specified,Female,White,23.0,-1.3568641,-0.069386736,-0.8413492905904787,-0.0009427377477025606
37719,SIDM00841,Dabrafenib,Crizotinib,Large Intestine,2.5,Colon Adenocarcinoma,Male,White,51.0,-0.14586896,-0.013047925,0.5452153814234034,-0.0009427377477025606
57722,SIDM00971,Camptothecin,Olaparib,Breast,2.5,Invasive Ductal Carcinoma Not Otherwise Specified,Female,Black,47.0,1.3654237,0.066995576,-0.08078080693278743,-0.0009427377477025606
58953,SIDM00920,BI-2536,Lapatinib,Breast,2.5,Breast Adenocarcinoma,Female,White,51.0,-0.9831274,-0.11712065,-1.6754045393088715,-0.0009427377477025606
66079,SIDM00872,Palbociclib,PD173074,Breast,2.5,Ductal Breast Carcinoma,Female,South Asian,61.0,-2.2995868,-0.19929224,-2.3320932936987018,-0.0009427377477025606
19098,SIDM00537,Nutlin-3a (-),5-Fluorouracil,Large Intestine,10.0,Colon Adenocarcinoma,Female,White,71.0,-1.1118712,-0.12257146,0.33096588178336,-0.0009427377477025606
8537,SIDM00537,AZD7762,SCH772984,Large Intestine,0.5,Colon Adenocarcinoma,Female,White,71.0,-4.5233717,-0.15517607,-1.3236824662895812,-0.0009427377477025606
37691,SIDM00841,Dabrafenib,Trametinib,Large Intestine,0.1,Colon Adenocarcinoma,Male,White,51.0,2.75825,0.09113037,2.5635829304469513,-0.0009427377477025606
105639,SIDM00872,Linsitinib,Pictilisib,Breast,0.5,Ductal Breast Carcinoma,Female,South Asian,61.0,3.0241387,0.14327033,-0.960168725820516,-0.0009427377477025606
44568,SIDM01186,MK-1775,Vorinostat,Breast,2.0,Invasive Ductal Carcinoma Not Otherwise Specified,Female,White,57.0,-0.4890241,-0.04787482,-0.9059252068421931,-0.0009427377477025606
82351,SIDM00772,Tozasertib,MK-1775,Breast,0.625,Ductal Breast Carcinoma,Female,White,38.0,-4.685401,-0.07296211,-0.5983581065758945,-0.0009427377477025606
3093,SIDM01002,Vorinostat,MK-1775,Breast,2.5,Breast Carcinoma,Female,White,46.0,-0.88582623,-0.014878865,-0.3032209215982819,-0.0009427377477025606
42205,SIDM00453,Palbociclib,Olaparib,Pancreas,10.0,Pancreatic Adenocarcinoma,Female,Unknown,64.0,-1.9358422,-0.048151463,-1.8715727501156618,-0.0009427377477025606
64467,SIDM00583,Ruxolitinib,LGK974,Pancreas,2.5,Pancreatic Ductal Adenocarcinoma,Male,White,56.0,-1.4292316,-0.05682623,-0.5994845428590125,-0.0009427377477025606
44374,SIDM00332,JQ1,Vorinostat,Breast,2.0,Breast Carcinoma,Female,Unknown,52.74992395704158,-0.6125751,-0.04051738,-0.40758240272873086,-0.0009427377477025606
33214,SIDM00872,Bortezomib,Navitoclax,Breast,0.625,Ductal Breast Carcinoma,Female,South Asian,61.0,-3.1820343,-0.11284689,-0.709106232901844,-0.0009427377477025606
92154,SIDM00136,Dabrafenib,AZD7762,Large Intestine,0.25,Colon Adenocarcinoma,Female,White,44.0,2.2283132,0.0388446,0.31876478102027683,-0.0009427377477025606
103529,SIDM01135,Cisplatin,LGK974,Pancreas,2.5,Pancreatic Ductal Adenocarcinoma,Male,White,52.74992395704158,1.2057104,0.09861716,-0.9418689386161748,-0.0009427377477025606
29471,SIDM00884,Afatinib,AZD7762,Breast,0.25,Ductal Breast Carcinoma,Female,White,43.0,1.3572578,0.077470385,0.05681358864908681,-0.0009427377477025606
88938,SIDM00531,SCH772984,MK-1775,Pancreas,2.0,Pancreatic Adenocarcinoma,Male,East Asian,60.0,0.112318926,0.013046392,-0.025524029468719577,-0.0009427377477025606
40696,SIDM00631,Bortezomib,Linsitinib,Breast,10.0,Breast Carcinoma,Female,White,43.0,-3.6675937,-0.109363355,-1.482442125188833,-0.0009427377477025606
84464,SIDM00779,Navitoclax,5-Fluorouracil,Large Intestine,10.0,Cecum Adenocarcinoma,Male,White,33.0,2.1931417,0.20149949,0.32991864485542644,-0.0009427377477025606
106764,SIDM00944,Navitoclax,Olaparib,Large Intestine,10.0,Colon Adenocarcinoma,Male,Unknown,52.74992395704158,0.8911464,0.056003626,-0.2916604379619971,-0.0009427377477025606
61844,SIDM01037,Temozolomide,Axitinib,Breast,1.0,Breast Carcinoma,Female,Unknown,62.0,-1.8934925,-0.08334377,-0.4175094759199556,-0.0009427377477025606
70339,SIDM00963,Alpelisib,Cisplatin,Breast,4.0,Invasive Ductal Carcinoma Not Otherwise Specified,Female,Unknown,60.0,0.38653708,0.035525095,0.6049911116231643,-0.0009427377477025606
88656,SIDM00241,Camptothecin,Pictilisib,Breast,0.5,Breast Carcinoma,Female,East Asian,53.0,-0.6831561,-0.04488026,0.19878832497488186,-0.0009427377477025606
19263,SIDM00122,JQ1,PD173074,Breast,10.0,Invasive Ductal Carcinoma Not Otherwise Specified,Female,White,72.0,0.8542518,0.06697916,-1.2293584687482497,-0.0009427377477025606
48621,SIDM00963,Venetoclax,5-Fluorouracil,Breast,2.5,Invasive Ductal Carcinoma Not Otherwise Specified,Female,Unknown,60.0,-0.77619356,-0.077983335,-0.9232251197223297,-0.0009427377477025606
106460,SIDM01186,Paclitaxel,Navitoclax,Breast,0.625,Invasive Ductal Carcinoma Not Otherwise Specified,Female,White,57.0,-1.5125681,-0.06604275,0.2261706650358179,-0.0009427377477025606
52102,SIDM01056,Bortezomib,OSI-027,Breast,0.25,Ductal Breast Carcinoma,Female,White,50.0,3.703831,0.27729526,1.688922140050415,-0.0009427377477025606
74861,SIDM00359,Crizotinib,Olaparib,Large Intestine,2.5,Rectal Adenocarcinoma,Female,Unknown,52.74992395704158,-1.5321864,-0.042981014,0.5199860280658952,-0.0009427377477025606
36709,SIDM00146,Sorafenib,Crizotinib,Breast,0.625,Breast Adenocarcinoma,Female,White,51.0,1.9513105,0.09133305,0.4003920903762434,-0.0009427377477025606
15378,SIDM00097,Paclitaxel,Trametinib,Breast,0.1,Invasive Ductal Carcinoma Not Otherwise Specified,Female,Unknown,54.0,1.4299569,0.15475047,0.1329553160049287,-0.0009427377477025606
72879,SIDM01096,Vinorelbine,Camptothecin,Large Intestine,0.025,Colon Adenocarcinoma,Male,White,65.0,0.3293236,0.022105888,-0.8422698209810957,-0.0009427377477025606
12529,SIDM00562,Afatinib,MK-2206,Breast,1.0,Breast Carcinoma,Female,Unknown,46.0,4.309968,0.16483608,-0.44979239954542,-0.0009427377477025606
33117,SIDM00675,Trametinib,AZD7762,Breast,0.0625,Ductal Breast Carcinoma,Female,White,50.0,-2.0453386,-0.07312261,0.4469250771934799,-0.0009427377477025606
52531,SIDM01062,Entinostat,Olaparib,Breast,2.5,Breast Carcinoma,Female,Unknown,50.0,-2.0282607,-0.073310874,-0.4762389002734285,-0.0009427377477025606
49879,SIDM00878,Gemcitabine,Lapatinib,Breast,0.625,Ductal Breast Carcinoma,Female,Black,70.0,-2.2731967,-0.18375827,-1.4482247945548865,-0.0009427377477025606
36252,SIDM00782,Camptothecin,Oxaliplatin,Large Intestine,1.0,Colon Adenocarcinoma,Male,Unknown,72.0,-1.7367457,-0.03883572,-0.550279781823528,-0.0009427377477025606
5115,SIDM00332,RO-3306,Luminespib,Breast,0.0025,Breast Carcinoma,Female,Unknown,52.74992395704158,1.502641,0.034455534,1.808371098141623,-0.0009427377477025606
97868,SIDM00971,Nilotinib,Palbociclib,Breast,4.0,Invasive Ductal Carcinoma Not Otherwise Specified,Female,Black,47.0,-0.34846503,-0.011272611,-1.1862798925804923,-0.0009427377477025606
804,SIDM00789,BMS-754807,Palbociclib,Large Intestine,4.0,Colon Adenocarcinoma,Male,Unknown,52.74992395704158,-0.3893285,-0.011740968,0.1856172958440487,-0.0009427377477025606
81990,SIDM00872,Venetoclax,Gemcitabine,Breast,0.01,Ductal Breast Carcinoma,Female,South Asian,61.0,-1.3966193,-0.096367866,-0.7303256063247917,-0.0009427377477025606
68198,SIDM00628,Sorafenib,Docetaxel,Breast,0.001,Breast Adenocarcinoma,Female,Black,51.0,-1.9242674,-0.13258246,-0.7958366631222206,-0.0009427377477025606
27566,SIDM00241,MK-2206,Temozolomide,Breast,30.0,Breast Carcinoma,Female,East Asian,53.0,1.3374344,0.023847671,1.19895419367003,-0.0009427377477025606
76762,SIDM00882,Docetaxel,Trametinib,Breast,0.1,Ductal Breast Carcinoma,Female,Other,42.0,2.683964,0.18754886,1.1372904525914553,-0.0009427377477025606
23995,SIDM00214,Crizotinib,Vinorelbine,Large Intestine,0.0025,Colon Adenocarcinoma,Male,East Asian,37.0,2.2343817,0.15948644,-0.35180551547681405,-0.0009427377477025606
47739,SIDM01002,Crizotinib,Olaparib,Breast,2.5,Breast Carcinoma,Female,White,46.0,2.1079247,0.14329806,0.2786721358315733,-0.0009427377477025606
17638,SIDM01037,ZM447439,MK-2206,Breast,1.0,Breast Carcinoma,Female,Unknown,62.0,-1.0705088,-0.07681698,-0.6605871112109376,-0.0009427377477025606
2266,SIDM00664,MK-2206,Erlotinib,Pancreas,2.5,Pancreatic Adenocarcinoma,Male,White,46.0,-3.1671565,-0.12413296,-0.1055074738078568,-0.0009427377477025606
4808,SIDM00884,SCH772984,PD173074,Breast,2.5,Ductal Breast Carcinoma,Female,White,43.0,0.67881083,0.029012058,0.1556301613883271,-0.0009427377477025606
78405,SIDM00893,MK-2206,PD173074,Breast,10.0,Invasive Ductal Carcinoma Not Otherwise Specified,Female,White,74.0,-0.4423496,-0.0074113943,0.3455350264970916,-0.0009427377477025606
87071,SIDM00874,Lapatinib,Cisplatin,Breast,4.0,Ductal Breast Carcinoma,Female,White,23.0,0.48363456,0.07534121,0.7719662660069998,-0.0009427377477025606
95789,SIDM00963,Tozasertib,Nutlin-3a (-),Breast,10.0,Invasive Ductal Carcinoma Not Otherwise Specified,Female,Unknown,60.0,-0.36266622,-0.0213003,1.6783202879197998,-0.0009427377477025606
103882,SIDM00874,Camptothecin,PD173074,Breast,10.0,Ductal Breast Carcinoma,Female,White,23.0,0.15350299,0.009845222,-0.12142113987949221,-0.0009427377477025606
27425,SIDM00122,KU-55933,Docetaxel,Breast,0.00025,Invasive Ductal Carcinoma Not Otherwise Specified,Female,White,72.0,0.98884195,0.05749499,-0.2666988755375073,-0.0009427377477025606
107331,SIDM00455,Oxaliplatin,Dasatinib,Pancreas,0.5,Pancreatic Adenocarcinoma,Female,Unknown,44.0,-1.0278233,-0.07009262,-0.23159474544386954,-0.0009427377477025606
94513,SIDM00453,Palbociclib,MK-2206,Pancreas,5.0,Pancreatic Adenocarcinoma,Female,Unknown,64.0,1.3485293,0.01933281,4.0465666569115415,-0.0009427377477025606
37306,SIDM00938,RO-3306,Gemcitabine,Breast,0.01,Breast Carcinoma,Female,Unknown,58.0,-2.2615738,-0.17322935,-0.2793121209787785,-0.0009427377477025606
17666,SIDM01137,Gemcitabine,MK-1775,Pancreas,0.2,Pancreatic Ductal Adenocarcinoma,Male,White,70.0,4.286158,0.33303532,0.09666510021563582,-0.0009427377477025606
99207,SIDM00774,AZD8055,Axitinib,Breast,4.0,Ductal Breast Carcinoma,Female,Black,48.0,0.96202844,0.07790307,1.160458132131325,-0.0009427377477025606
3868,SIDM00122,NU7441,Temozolomide,Breast,30.0,Invasive Ductal Carcinoma Not Otherwise Specified,Female,White,72.0,2.4259033,0.16264129,0.32738640504546235,-0.0009427377477025606
20694,SIDM00527,Navitoclax,AZD7762,Large Intestine,0.25,Colon Carcinoma,Unknown,Unknown,52.74992395704158,-0.55460304,-0.06466013,-0.7541434681698749,-0.0009427377477025606
14030,SIDM00866,Venetoclax,Trametinib,Breast,0.01,Ductal Breast Carcinoma,Female,White,52.0,-1.5290432,-0.14342488,-0.7393582971843524,-0.0009427377477025606
99792,SIDM00631,Crizotinib,Docetaxel,Breast,0.00025,Breast Carcinoma,Female,White,43.0,-2.6676903,-0.14962688,-0.046885490808698686,-0.0009427377477025606
22512,SIDM00920,AZD7762,Gemcitabine,Breast,0.01,Breast Adenocarcinoma,Female,White,51.0,1.8646348,0.030893778,1.2111847468433667,-0.0009427377477025606
25476,SIDM01136,Cisplatin,SCH772984,Pancreas,4.0,Pancreatic Ductal Adenocarcinoma,Male,White,85.0,1.7553241,0.16440691,1.0991096933095894,-0.0009427377477025606
1565,SIDM00533,LGK974,Sorafenib,Pancreas,1.25,Pancreatic Adenocarcinoma,Male,East Asian,66.0,-0.3445867,-0.05677771,-0.6182291272847527,-0.0009427377477025606
41894,SIDM00841,Camptothecin,BMS-754807,Large Intestine,0.05,Colon Adenocarcinoma,Male,White,51.0,0.25629905,0.027617656,-0.3011825139789005,-0.0009427377477025606
98966,SIDM00529,Tozasertib,Palbociclib,Breast,4.0,Breast Carcinoma,Female,Black,44.0,-2.4659295,-0.17885017,-0.6880595990298775,-0.0009427377477025606
23685,SIDM01037,Alpelisib,Luminespib,Breast,0.0025,Breast Carcinoma,Female,Unknown,62.0,0.38467544,0.0330275,0.3153660913816941,-0.0009427377477025606
65516,SIDM00135,PF-4708671,Taselisib,Breast,1.0,Invasive Ductal Carcinoma Not Otherwise Specified,Female,White,74.0,1.4636048,0.12536451,0.39551198319176767,-0.0009427377477025606
35962,SIDM01037,Bortezomib,Olaparib,Breast,10.0,Breast Carcinoma,Female,Unknown,62.0,0.9723931,0.08856283,0.7641133572788749,-0.0009427377477025606
79278,SIDM00505,Paclitaxel,Crizotinib,Pancreas,4.0,Pancreatic Ductal Adenocarcinoma,Male,White,65.0,-1.32084,-0.1529801,-0.36887756401998434,-0.0009427377477025606
84226,SIDM00878,KU-55933,Palbociclib,Breast,4.0,Ductal Breast Carcinoma,Female,Black,70.0,-4.0920095,-0.213511,-1.0609882927280259,-0.0009427377477025606
46219,SIDM00781,Afatinib,Taselisib,Large Intestine,0.1,Cecum Adenocarcinoma,Female,East Asian,43.0,-0.24745965,-0.05505583,-0.2622804962225796,-0.0009427377477025606
45363,SIDM00875,Luminespib,Docetaxel,Breast,0.001,Squamous Cell Breast Carcinoma Acantholytic Variant,Female,Black,60.0,0.75145245,0.048897132,-0.44374697669592916,-0.0009427377477025606
8511,SIDM00097,NU7441,AZD7762,Breast,0.0625,Invasive Ductal Carcinoma Not Otherwise Specified,Female,Unknown,54.0,-0.8107624,-0.06497672,0.34427015812784173,-0.0009427377477025606
90839,SIDM00878,NU7441,Axitinib,Breast,1.0,Ductal Breast Carcinoma,Female,Black,70.0,1.4648105,0.046318963,1.5399606979217881,-0.0009427377477025606
41429,SIDM01186,Paclitaxel,5-Fluorouracil,Breast,10.0,Invasive Ductal Carcinoma Not Otherwise Specified,Female,White,57.0,2.3646233,0.122466415,0.5520680562948765,-0.0009427377477025606
18901,SIDM00872,SCH772984,Navitoclax,Breast,0.625,Ductal Breast Carcinoma,Female,South Asian,61.0,-0.1942025,-0.01290743,-0.7449892377186713,-0.0009427377477025606
34139,SIDM00528,Olaparib,PD173074,Breast,2.5,Breast Adenocarcinoma,Female,White,40.0,2.3022568,0.13660817,1.443525491722591,-0.0009427377477025606
93455,SIDM00097,PF-4708671,MK-1775,Breast,0.625,Invasive Ductal Carcinoma Not Otherwise Specified,Female,Unknown,54.0,0.8889921,0.029056992,1.5115928539234489,-0.0009427377477025606
95944,SIDM01062,BI-2536,Docetaxel,Breast,0.001,Breast Carcinoma,Female,Unknown,50.0,-1.0600784,-0.06759436,0.5092694151906527,-0.0009427377477025606
43637,SIDM00359,SCH772984,Afatinib,Large Intestine,1.0,Rectal Adenocarcinoma,Female,Unknown,52.74992395704158,1.5673033,0.12555474,1.576931888644697,-0.0009427377477025606
8921,SIDM00934,Erlotinib,SCH772984,Pancreas,4.0,Pancreatic Ductal Adenocarcinoma,Male,White,40.0,1.2686634,0.06233213,0.8172488174778828,-0.0009427377477025606
16582,SIDM00866,Navitoclax,PD173074,Breast,2.5,Ductal Breast Carcinoma,Female,White,52.0,1.3184549,0.107183725,-0.6812415072774464,-0.0009427377477025606
11406,SIDM00053,Sorafenib,Cisplatin,Pancreas,8.0,Pancreatic Ductal Adenocarcinoma,Male,Unknown,52.74992395704158,-3.9027977,-0.13037069,-2.211804598862112,-0.0009427377477025606
60099,SIDM01187,Bortezomib,Taselisib,Breast,0.1,Invasive Ductal Carcinoma Not Otherwise Specified,Female,Unknown,43.0,-3.0427718,-0.10001222,-0.8732499934846913,-0.0009427377477025606
25657,SIDM00630,Entinostat,OSI-027,Breast,1.0,Breast Adenocarcinoma,Female,White,38.0,0.7830398,0.058190223,-0.36390222770540803,-0.0009427377477025606
62327,SIDM01037,KU-55933,AZD7762,Breast,0.0625,Breast Carcinoma,Female,Unknown,62.0,2.5826333,0.12739222,-0.34388562338331335,-0.0009427377477025606
57667,SIDM00680,AZD8055,Linsitinib,Large Intestine,10.0,Colon Adenocarcinoma,Female,White,58.0,-2.9860504,-0.11710149,-0.662002919031433,-0.0009427377477025606
97039,SIDM00314,Palbociclib,Taselisib,Breast,1.0,Invasive Ductal Carcinoma Not Otherwise Specified,Female,White,63.0,-1.6280515,-0.04370294,1.319901352755202,-0.0009427377477025606
106173,SIDM00885,Uprosertib,OSI-027,Breast,0.25,Ductal Breast Carcinoma,Female,White,41.0,3.1609352,0.15633556,0.8031662965413388,-0.0009427377477025606
18023,SIDM01139,MK-1775,SCH772984,Pancreas,4.0,Pancreatic Adenocarcinoma,Female,White,70.0,0.9871862,0.07537851,0.9508581468023453,-0.0009427377477025606
72412,SIDM00498,Palbociclib,Olaparib,Large Intestine,10.0,Cecum Adenocarcinoma,Female,East Asian,77.0,0.9135834,0.08703414,-0.49711384691817967,-0.0009427377477025606
38703,SIDM00882,Temozolomide,PD173074,Breast,10.0,Ductal Breast Carcinoma,Female,Other,42.0,-3.440696,-0.1230016,0.051569332341800216,-0.0009427377477025606
43156,SIDM00892,Vorinostat,Axitinib,Breast,1.0,Invasive Ductal Carcinoma Not Otherwise Specified,Female,White,23.0,0.3577729,0.021084333,-0.2614908564009859,-0.0009427377477025606
44753,SIDM00881,Bortezomib,Vorinostat,Breast,0.5,Breast Adenocarcinoma,Female,White,49.0,-1.5406106,-0.052799363,1.1518990085909264,-0.0009427377477025606
88606,SIDM00582,Olaparib,Lapatinib,Pancreas,2.5,Pancreatic Carcinoma,Female,East Asian,65.0,0.5455229,0.031851146,-0.8649300348811204,-0.0009427377477025606
1876,SIDM00371,Linsitinib,LGK974,Pancreas,10.0,Pancreatic Ductal Adenocarcinoma,Male,East Asian,73.0,2.31135,0.099005185,0.23781983199173748,-0.0009427377477025606
45966,SIDM00943,LGK974,Sorafenib,Pancreas,5.0,Pancreatic Ductal Adenocarcinoma,Male,White,56.0,-0.86398226,-0.12018202,-0.7829404518858231,-0.0009427377477025606
10917,SIDM00884,Alisertib,Axitinib,Breast,4.0,Ductal Breast Carcinoma,Female,White,43.0,1.0038279,0.0707913,-1.052606342124498,-0.0009427377477025606
30977,SIDM01186,NU7441,MK-2206,Breast,0.25,Invasive Ductal Carcinoma Not Otherwise Specified,Female,White,57.0,-2.136005,-0.2234141,0.3374191347814264,-0.0009427377477025606
5701,SIDM01165,Crizotinib,Cisplatin,Pancreas,0.8,Pancreatic Adenocarcinoma,Male,White,56.0,0.6864409,0.06875183,1.0102703310029635,-0.0009427377477025606
81675,SIDM01056,Temozolomide,Bortezomib,Breast,0.000625,Ductal Breast Carcinoma,Female,White,50.0,1.8785517,0.10129838,0.11718502259572242,-0.0009427377477025606
38329,SIDM00150,Nutlin-3a (-),Oxaliplatin,Large Intestine,5.0,Colon Carcinoma,Unknown,Unknown,52.74992395704158,2.9940536,0.22645022,1.88318430327161,-0.0009427377477025606
79916,SIDM00371,MK-1775,Paclitaxel,Pancreas,0.025,Pancreatic Ductal Adenocarcinoma,Male,East Asian,73.0,3.4910476,0.038601387,1.5837355723615312,-0.0009427377477025606
58910,SIDM00660,Oxaliplatin,Trametinib,Large Intestine,0.1,Cecum Adenocarcinoma,Male,White,32.0,1.38647,0.04745186,1.5201642575636256,-0.0009427377477025606
25244,SIDM01002,Wee1 Inhibitor,Gemcitabine,Breast,0.1,Breast Carcinoma,Female,White,46.0,-6.566843,-0.1777048,-0.5875197144885921,-0.0009427377477025606
63238,SIDM00148,Camptothecin,Cisplatin,Breast,1.0,Invasive Ductal Carcinoma Not Otherwise Specified,Female,White,69.0,1.3545605,0.15524825,-0.9769966368547452,-0.0009427377477025606
91609,SIDM00892,GSK269962A,MK-2206,Breast,1.0,Invasive Ductal Carcinoma Not Otherwise Specified,Female,White,23.0,-0.08489305,-0.0074338196,0.8467657277946461,-0.0009427377477025606
16064,SIDM00933,Temozolomide,Olaparib,Breast,10.0,Breast Carcinoma,Female,Unknown,45.0,1.8839017,0.14711733,0.5000581693802618,-0.0009427377477025606
48008,SIDM01138,MK-1775,Irinotecan,Pancreas,0.5,Pancreatic Adenocarcinoma,Female,White,65.0,-1.2977518,-0.03547457,-0.27432239905062294,-0.0009427377477025606
29671,SIDM01062,ZM447439,Temozolomide,Breast,7.5,Breast Carcinoma,Female,Unknown,50.0,-2.1161249,-0.06622048,-0.4394631142034888,-0.0009427377477025606
64623,SIDM01135,Ruxolitinib,Linsitinib,Pancreas,10.0,Pancreatic Ductal Adenocarcinoma,Male,White,52.74992395704158,1.1945691,0.10857245,-0.799794664760756,-0.0009427377477025606
94735,SIDM00562,Docetaxel,Gemcitabine,Breast,0.1,Breast Carcinoma,Female,Unknown,46.0,2.9691837,0.1178662,1.4716237027179704,-0.0009427377477025606
94371,SIDM00893,Alisertib,PD173074,Breast,2.5,Invasive Ductal Carcinoma Not Otherwise Specified,Female,White,74.0,1.9299766,0.1619239,-0.918796561911428,-0.0009427377477025606
83053,SIDM00673,AZD8055,PD173074,Breast,2.5,Ductal Breast Carcinoma,Female,Black,49.0,-1.3825043,-0.02536069,-0.2312038923785998,-0.0009427377477025606
31004,SIDM00777,MK-1775,SB505124,Large Intestine,0.625,Cecum Adenocarcinoma,Male,White,55.0,3.8369274,0.14343296,0.3852207944704114,-0.0009427377477025606
92021,SIDM00834,Camptothecin,Crizotinib,Large Intestine,0.625,Rectal Adenocarcinoma,Female,White,66.0,-0.4480189,-0.030433716,-1.3374398568518127,-0.0009427377477025606
1938,SIDM00837,Olaparib,AZD4547,Large Intestine,2.5,Colon Adenocarcinoma,Female,White,82.0,1.712906,0.033286706,0.09373803231407982,-0.0009427377477025606
95341,SIDM00928,Axitinib,Linsitinib,Breast,10.0,Breast Carcinoma,Female,Unknown,35.0,2.3710895,0.1333256,1.3189284762015345,-0.0009427377477025606
29176,SIDM00963,Alpelisib,Docetaxel,Breast,0.001,Invasive Ductal Carcinoma Not Otherwise Specified,Female,Unknown,60.0,0.39931732,0.02925818,-0.6843800485457787,-0.0009427377477025606
50922,SIDM01197,AZD8055,Taselisib,Large Intestine,0.1,Colon Adenocarcinoma,Male,East Asian,71.0,1.7393955,0.049982615,1.3108104496595874,-0.0009427377477025606
74106,SIDM00148,MK-2206,Bortezomib,Breast,0.0025,Invasive Ductal Carcinoma Not Otherwise Specified,Female,White,69.0,2.316447,0.13166516,0.7754192960054199,-0.0009427377477025606
31201,SIDM00874,5-Fluorouracil,Linsitinib,Breast,10.0,Ductal Breast Carcinoma,Female,White,23.0,-2.1553798,-0.06242349,-0.9459631050722789,-0.0009427377477025606
92500,SIDM00498,MK-2206,Camptothecin,Large Intestine,0.025,Cecum Adenocarcinoma,Female,East Asian,77.0,-7.1739717,-0.17125204,-1.9570911838234695,-0.0009427377477025606
93708,SIDM00675,MK-1775,Taselisib,Breast,1.0,Ductal Breast Carcinoma,Female,White,50.0,5.9387774,0.3801881,0.3555985909796041,-0.0009427377477025606
46055,SIDM00527,Navitoclax,AZD4547,Large Intestine,10.0,Colon Carcinoma,Unknown,Unknown,52.74992395704158,-1.610839,-0.13709794,-0.23805507769944162,-0.0009427377477025606
94782,SIDM00148,AZD8055,Bortezomib,Breast,0.0025,Invasive Ductal Carcinoma Not Otherwise Specified,Female,White,69.0,-3.0565045,-0.23425092,-1.4106305150970713,-0.0009427377477025606
67238,SIDM00673,Afatinib,Lapatinib,Breast,2.5,Ductal Breast Carcinoma,Female,Black,49.0,1.6493224,0.14074105,-0.698973561577424,-0.0009427377477025606
33682,SIDM00314,Paclitaxel,MK-2206,Breast,0.25,Invasive Ductal Carcinoma Not Otherwise Specified,Female,White,63.0,-1.1344154,-0.11253755,-0.17354710185309113,-0.0009427377477025606
70514,SIDM00660,Afatinib,SCH772984,Large Intestine,0.05,Cecum Adenocarcinoma,Male,White,32.0,1.2245377,0.02674196,1.608097228340311,-0.0009427377477025606
71770,SIDM01197,Crizotinib,Palbociclib,Large Intestine,1.0,Colon Adenocarcinoma,Male,East Asian,71.0,-0.56840056,-0.032580726,0.22281706455059033,-0.0009427377477025606
54358,SIDM00146,Sorafenib,Luminespib,Breast,0.0025,Breast Adenocarcinoma,Female,White,51.0,-2.8568606,-0.11709936,-1.6437579709675878,-0.0009427377477025606
44832,SIDM00971,Docetaxel,5-Fluorouracil,Breast,10.0,Invasive Ductal Carcinoma Not Otherwise Specified,Female,Black,47.0,1.6481496,0.09183072,-0.33623424839077953,-0.0009427377477025606
83447,SIDM00193,Nutlin-3a (-),Trametinib,Large Intestine,0.01,Colon Adenocarcinoma,Male,East Asian,53.0,-3.5353425,-0.10268022,-1.1182097657575076,-0.0009427377477025606
46765,SIDM00950,MK-1775,Taselisib,Pancreas,2.0,Pancreatic Adenocarcinoma,Female,Unknown,52.74992395704158,-0.5235838,-0.039655995,0.24940066255332047,-0.0009427377477025606
90105,SIDM01139,Linsitinib,Olaparib,Pancreas,10.0,Pancreatic Adenocarcinoma,Female,White,70.0,-0.2921299,-0.031084199,0.11091208584132789,-0.0009427377477025606
50403,SIDM00872,Sorafenib,Lapatinib,Breast,0.625,Ductal Breast Carcinoma,Female,South Asian,61.0,-0.13819654,-0.0049465722,0.29407603411161065,-0.0009427377477025606
9421,SIDM01037,Docetaxel,Gemcitabine,Breast,0.01,Breast Carcinoma,Female,Unknown,62.0,-0.49499214,-0.014263696,-0.5987982199518759,-0.0009427377477025606
2314,SIDM00628,AZD7762,Crizotinib,Breast,2.5,Breast Adenocarcinoma,Female,Black,51.0,-2.4690888,-0.1457235,-0.9907777754665519,-0.0009427377477025606
24737,SIDM00214,Olaparib,MK-2206,Large Intestine,1.0,Colon Adenocarcinoma,Male,East Asian,37.0,-1.8351758,-0.0664664,-1.9511296963053735,-0.0009427377477025606
50646,SIDM00832,Dabrafenib,BMS-754807,Large Intestine,0.05,Colon Adenocarcinoma,Female,White,81.0,-1.5658853,-0.10167535,-0.7779193174752408,-0.0009427377477025606
40310,SIDM00628,Vorinostat,Bortezomib,Breast,0.0025,Breast Adenocarcinoma,Female,Black,51.0,1.9204221,0.012456722,-1.1038918895860608,-0.0009427377477025606
15731,SIDM00314,Navitoclax,MK-1775,Breast,2.5,Invasive Ductal Carcinoma Not Otherwise Specified,Female,White,63.0,-1.2466192,-0.043060444,-0.2884416975625425,-0.0009427377477025606
31464,SIDM00928,Nutlin-3a (-),Navitoclax,Breast,2.5,Breast Carcinoma,Female,Unknown,35.0,-1.00216,-0.034554537,0.4216485917383621,-0.0009427377477025606
1532,SIDM00675,Trametinib,Docetaxel,Breast,0.00025,Ductal Breast Carcinoma,Female,White,50.0,1.2419152,0.09261562,0.7735821366510911,-0.0009427377477025606
105983,SIDM00878,Cisplatin,Pictilisib,Breast,0.5,Ductal Breast Carcinoma,Female,Black,70.0,-0.82716095,-0.039893925,-0.5526754201458682,-0.0009427377477025606
60242,SIDM00772,AZD6482,Luminespib,Breast,0.0025,Ductal Breast Carcinoma,Female,White,38.0,3.2337372,0.14849481,1.651466793926306,-0.0009427377477025606
9311,SIDM00670,Paclitaxel,Dasatinib,Pancreas,0.05,Pancreatic Adenocarcinoma,Female,White,64.0,-1.7248763,-0.04967252,1.7306239130048848,-0.0009427377477025606
31032,SIDM00928,Axitinib,MK-2206,Breast,0.25,Breast Carcinoma,Female,Unknown,35.0,0.73338634,0.012637514,0.7279829588028957,-0.0009427377477025606
10544,SIDM00877,AZD6482,Linsitinib,Breast,10.0,Ductal Breast Carcinoma,Female,White,44.0,-0.36769393,-0.017225126,-0.7454891521240082,-0.0009427377477025606
74768,SIDM01062,Docetaxel,Lapatinib,Breast,0.625,Breast Carcinoma,Female,Unknown,50.0,2.887707,0.27328077,0.7334944922432955,-0.0009427377477025606
103976,SIDM00885,Venetoclax,Docetaxel,Breast,0.001,Ductal Breast Carcinoma,Female,White,41.0,-2.1345181,-0.16216768,-0.30367316356385776,-0.0009427377477025606
61872,SIDM00135,SCH772984,5-Fluorouracil,Breast,2.5,Invasive Ductal Carcinoma Not Otherwise Specified,Female,White,74.0,-1.2572798,-0.063471936,0.29582726687297156,-0.0009427377477025606
101609,SIDM01056,Gemcitabine,Docetaxel,Breast,0.00025,Ductal Breast Carcinoma,Female,White,50.0,-1.8130182,-0.07151775,-0.0032364493257876184,-0.0009427377477025606
72966,SIDM00774,PD173074,Pictilisib,Breast,0.125,Ductal Breast Carcinoma,Female,Black,48.0,-1.9599252,-0.046476316,0.13109735888426774,-0.0009427377477025606
94507,SIDM00332,Paclitaxel,Nutlin-3a (-),Breast,10.0,Breast Carcinoma,Female,Unknown,52.74992395704158,1.0282233,0.081488214,1.7035646334214336,-0.0009427377477025606
21737,SIDM00132,Erlotinib,Ruxolitinib,Pancreas,2.5,Pancreatic Ductal Adenocarcinoma,Female,Unknown,61.0,-2.660664,-0.07210995,-2.4325908869757935,-0.0009427377477025606
15120,SIDM00774,Trametinib,Navitoclax,Breast,2.5,Ductal Breast Carcinoma,Female,Black,48.0,0.87834835,0.04791862,2.822160337027665,-0.0009427377477025606
32830,SIDM00628,Palbociclib,Taselisib,Breast,1.0,Breast Adenocarcinoma,Female,Black,51.0,-1.9848148,-0.1556732,-0.20743680078720872,-0.0009427377477025606
4103,SIDM00529,ZM447439,OSI-027,Breast,0.25,Breast Carcinoma,Female,Black,44.0,1.7954923,0.10314911,-0.22028633605275924,-0.0009427377477025606
28583,SIDM00562,Paclitaxel,Bortezomib,Breast,0.0025,Breast Carcinoma,Female,Unknown,46.0,-1.358921,-0.12199992,-0.4656055548167036,-0.0009427377477025606
50743,SIDM00531,Linsitinib,Oxaliplatin,Pancreas,2.5,Pancreatic Adenocarcinoma,Male,East Asian,60.0,1.1494509,0.102586254,-0.11530236585140831,-0.0009427377477025606
92466,SIDM00875,JQ1,Gemcitabine,Breast,0.01,Squamous Cell Breast Carcinoma Acantholytic Variant,Female,Black,60.0,-2.694082,-0.0817888,-0.8564046925482722,-0.0009427377477025606
70914,SIDM00954,Taselisib,Docetaxel,Breast,0.001,Breast Carcinoma,Female,Unknown,52.0,2.2953522,0.13760075,-1.0799392574282223,-0.0009427377477025606
24514,SIDM00359,BMS-754807,Trametinib,Large Intestine,0.01,Rectal Adenocarcinoma,Female,Unknown,52.74992395704158,-1.8662217,-0.09871639,-0.978204973982938,-0.0009427377477025606
61265,SIDM00529,AZD7762,Lapatinib,Breast,0.625,Breast Carcinoma,Female,Black,44.0,2.3638203,0.15757065,-0.32031066536453395,-0.0009427377477025606
1183,SIDM00214,Navitoclax,Vinorelbine,Large Intestine,0.01,Colon Adenocarcinoma,Male,East Asian,37.0,-1.1777672,-0.117052056,-1.161791278370836,-0.0009427377477025606
84886,SIDM00877,Camptothecin,AZD7762,Breast,0.25,Ductal Breast Carcinoma,Female,White,44.0,-0.36015603,-0.0231789,-1.169348727561442,-0.0009427377477025606
22814,SIDM00940,BI-2536,Gemcitabine,Breast,0.01,Breast Carcinoma,Female,Unknown,43.0,1.4454186,0.09741059,0.3045024663985509,-0.0009427377477025606
57508,SIDM00892,AZD8055,Gemcitabine,Breast,0.1,Invasive Ductal Carcinoma Not Otherwise Specified,Female,White,23.0,-2.2064583,-0.04761738,0.5611211225241961,-0.0009427377477025606
51280,SIDM00136,AZD8055,Nutlin-3a (-),Large Intestine,10.0,Colon Adenocarcinoma,Female,White,44.0,2.1187282,0.14206377,-0.1997475304327926,-0.0009427377477025606
26169,SIDM01186,Alpelisib,Navitoclax,Breast,2.5,Invasive Ductal Carcinoma Not Otherwise Specified,Female,White,57.0,-1.940023,-0.120618165,-0.9307534439877118,-0.0009427377477025606
50491,SIDM00529,RO-3306,Cisplatin,Breast,1.0,Breast Carcinoma,Female,Black,44.0,1.7105583,0.118422315,-0.743772874690224,-0.0009427377477025606
12417,SIDM00562,Cisplatin,Linsitinib,Breast,2.5,Breast Carcinoma,Female,Unknown,46.0,0.67335856,0.055584207,-0.43158863171912626,-0.0009427377477025606
55387,SIDM00533,Irinotecan,OSI-027,Pancreas,4.0,Pancreatic Adenocarcinoma,Male,East Asian,66.0,-0.9996986,-0.07000153,0.8742714483517969,-0.0009427377477025606
52558,SIDM00529,AZD8055,Palbociclib,Breast,1.0,Breast Carcinoma,Female,Black,44.0,-2.5523434,-0.1145281,-0.5399288542634361,-0.0009427377477025606
81951,SIDM00881,Trametinib,Navitoclax,Breast,2.5,Breast Adenocarcinoma,Female,White,49.0,-1.231943,-0.09672289,-1.2003957289159712,-0.0009427377477025606
19850,SIDM00779,Nutlin-3a (-),5-Fluorouracil,Large Intestine,10.0,Cecum Adenocarcinoma,Male,White,33.0,2.2331138,0.12164512,0.8882455199802478,-0.0009427377477025606
76781,SIDM00834,Trametinib,Nutlin-3a (-),Large Intestine,2.5,Rectal Adenocarcinoma,Female,White,66.0,1.7398028,0.10281973,1.5479021500763406,-0.0009427377477025606
97089,SIDM00150,Trametinib,SB505124,Large Intestine,0.625,Colon Carcinoma,Unknown,Unknown,52.74992395704158,0.65476483,0.050252806,-0.8204782747569195,-0.0009427377477025606
106256,SIDM01062,Wee1 Inhibitor,Cisplatin,Breast,4.0,Breast Carcinoma,Female,Unknown,50.0,1.5552689,0.10241175,-1.1823885074228266,-0.0009427377477025606
23961,SIDM00963,Doramapimod,Olaparib,Breast,10.0,Invasive Ductal Carcinoma Not Otherwise Specified,Female,Unknown,60.0,-2.6321094,-0.22847618,-1.2380778475718472,-0.0009427377477025606
14697,SIDM00498,Taselisib,Oxaliplatin,Large Intestine,5.0,Cecum Adenocarcinoma,Female,East Asian,77.0,-0.8125492,-0.07889434,-1.0385381859231546,-0.0009427377477025606
16911,SIDM01001,JQ1,AZD7762,Breast,0.25,Breast Carcinoma,Female,Unknown,62.0,0.93457156,0.083738275,-1.4591608700436258,-0.0009427377477025606
6442,SIDM01186,Temozolomide,Axitinib,Breast,1.0,Invasive Ductal Carcinoma Not Otherwise Specified,Female,White,57.0,-1.7820913,-0.052458882,-0.11711347976569661,-0.0009427377477025606
95718,SIDM01233,Oxaliplatin,Dabrafenib,Large Intestine,10.0,Colon Adenocarcinoma,Male,White,72.0,-1.0352311,-0.06619808,-0.6020069737974351,-0.0009427377477025606
91135,SIDM00097,Crizotinib,Trametinib,Breast,0.01,Invasive Ductal Carcinoma Not Otherwise Specified,Female,Unknown,54.0,-1.27891,-0.050953962,-0.16530032301090908,-0.0009427377477025606
70748,SIDM00193,Trametinib,Nutlin-3a (-),Large Intestine,10.0,Colon Adenocarcinoma,Male,East Asian,53.0,-3.6615326,-0.29484475,-2.241418310898205,-0.0009427377477025606
5840,SIDM00882,Afatinib,Lapatinib,Breast,0.625,Ductal Breast Carcinoma,Female,Other,42.0,0.9453119,0.10680705,-0.8513788543285086,-0.0009427377477025606
105730,SIDM00562,Afatinib,Taselisib,Breast,1.0,Breast Carcinoma,Female,Unknown,46.0,-0.9448524,-0.048998136,-0.9155185968125118,-0.0009427377477025606
83828,SIDM00971,OSI-027,Navitoclax,Breast,0.625,Invasive Ductal Carcinoma Not Otherwise Specified,Female,Black,47.0,1.0338115,0.06397191,-0.13965873897213282,-0.0009427377477025606
18715,SIDM00835,SB505124,AZD4547,Large Intestine,10.0,Colon Adenocarcinoma,Male,White,73.0,3.8779473,0.2980476,-1.6441222963811357,-0.0009427377477025606
9756,SIDM00272,Temozolomide,Trametinib,Breast,0.1,Breast Adenocarcinoma,Female,White,48.0,-0.8592849,-0.022679808,-0.40796778003403,-0.0009427377477025606
27983,SIDM00487,SB505124,Trametinib,Large Intestine,0.1,Colon Adenocarcinoma,Female,Unknown,52.74992395704158,-0.8821577,-0.028267743,-0.7558915736090437,-0.0009427377477025606
68498,SIDM00633,Olaparib,MK-2206,Breast,1.0,Invasive Ductal Carcinoma Not Otherwise Specified,Female,Black,56.0,-1.4045637,-0.034544334,1.1727181630218029,-0.0009427377477025606
48098,SIDM00533,Sorafenib,Cisplatin,Pancreas,0.8,Pancreatic Adenocarcinoma,Male,East Asian,66.0,-2.4105632,-0.21652243,-1.255303842699718,-0.0009427377477025606
64899,SIDM00533,Dactolisib,MK-2206,Pancreas,5.0,Pancreatic Adenocarcinoma,Male,East Asian,66.0,1.7166727,0.11476919,0.5575188951449074,-0.0009427377477025606
53697,SIDM01136,Cisplatin,Trametinib,Pancreas,1.0,Pancreatic Ductal Adenocarcinoma,Male,White,85.0,-1.238398,-0.0863799,-0.6246979170672488,-0.0009427377477025606
22601,SIDM00872,Camptothecin,MK-1775,Breast,2.5,Ductal Breast Carcinoma,Female,South Asian,61.0,-0.44767267,-0.009246371,0.5441759119863375,-0.0009427377477025606
10079,SIDM00097,Venetoclax,Pictilisib,Breast,0.125,Invasive Ductal Carcinoma Not Otherwise Specified,Female,Unknown,54.0,0.6352579,0.036327805,0.5378679262316046,-0.0009427377477025606
35928,SIDM00943,Palbociclib,Crizotinib,Pancreas,4.0,Pancreatic Ductal Adenocarcinoma,Male,White,56.0,-1.0662545,-0.030520475,1.534501006390378,-0.0009427377477025606
28938,SIDM00675,PD173074,Linsitinib,Breast,10.0,Ductal Breast Carcinoma,Female,White,50.0,-0.64965206,-0.029163683,-0.3178380875745759,-0.0009427377477025606
72248,SIDM01037,Nutlin-3a (-),MK-1775,Breast,0.625,Breast Carcinoma,Female,Unknown,62.0,-1.669667,-0.102458686,-0.34446556367654646,-0.0009427377477025606
92005,SIDM00874,Entinostat,MK-2206,Breast,0.25,Ductal Breast Carcinoma,Female,White,23.0,-0.101449326,-0.004939399,0.40418402312895824,-0.0009427377477025606
39006,SIDM00878,SCH772984,Luminespib,Breast,0.0025,Ductal Breast Carcinoma,Female,Black,70.0,-1.870424,-0.10308317,-1.1139939668308982,-0.0009427377477025606
29269,SIDM01187,Docetaxel,Axitinib,Breast,4.0,Invasive Ductal Carcinoma Not Otherwise Specified,Female,Unknown,43.0,-0.49498588,-0.04557526,-0.5253968430867576,-0.0009427377477025606
16995,SIDM00885,SCH772984,5-Fluorouracil,Breast,2.5,Ductal Breast Carcinoma,Female,White,41.0,4.6886225,0.3222167,-1.1267395564945537,-0.0009427377477025606
6466,SIDM00049,Olaparib,SCH772984,Large Intestine,0.5,Colorectal Carcinoma,Female,Unknown,46.0,-2.0989752,-0.10358291,-2.7647441774188604,-0.0009427377477025606
62631,SIDM00505,OSI-027,Sorafenib,Pancreas,5.0,Pancreatic Ductal Adenocarcinoma,Male,White,65.0,3.2568898,0.05924373,-0.29691051848125344,-0.0009427377477025606
71220,SIDM00628,ZM447439,AZD7762,Breast,0.25,Breast Adenocarcinoma,Female,Black,51.0,0.72427124,0.018249186,1.3194441981259135,-0.0009427377477025606
69934,SIDM00837,MK-1775,Vinorelbine,Large Intestine,0.01,Colon Adenocarcinoma,Female,White,82.0,0.41483307,0.022059062,1.2949718651607243,-0.0009427377477025606
76978,SIDM00193,Crizotinib,Dabrafenib,Large Intestine,1.0,Colon Adenocarcinoma,Male,East Asian,53.0,2.035909,0.06329943,1.379076723834436,-0.0009427377477025606
41175,SIDM01062,NU7441,OSI-027,Breast,0.25,Breast Carcinoma,Female,Unknown,50.0,5.4614544,0.1598301,1.243951977040903,-0.0009427377477025606
5508,SIDM00241,AZD6482,Palbociclib,Breast,4.0,Breast Carcinoma,Female,East Asian,53.0,1.0301671,0.09176469,-1.342485389045065,-0.0009427377477025606
85550,SIDM00631,GSK269962A,Palbociclib,Breast,1.0,Breast Carcinoma,Female,White,43.0,0.5899788,0.045722276,-0.22743841217449234,-0.0009427377477025606
84512,SIDM00241,AZD6482,Vorinostat,Breast,2.0,Breast Carcinoma,Female,East Asian,53.0,5.2826242,0.16964671,2.142433167374659,-0.0009427377477025606
6495,SIDM00878,JQ1,Trametinib,Breast,0.1,Ductal Breast Carcinoma,Female,Black,70.0,2.5234432,0.11768649,0.4404057916143934,-0.0009427377477025606
67855,SIDM00789,Linsitinib,Afatinib,Large Intestine,1.0,Colon Adenocarcinoma,Male,Unknown,52.74992395704158,-0.6031733,-0.045836125,0.21408359201077642,-0.0009427377477025606
59010,SIDM00670,MK-1775,Dasatinib,Pancreas,0.5,Pancreatic Adenocarcinoma,Female,White,64.0,0.352816,0.012394374,0.35703870484352646,-0.0009427377477025606
88589,SIDM00774,OSI-027,PD173074,Breast,2.5,Ductal Breast Carcinoma,Female,Black,48.0,1.6232282,0.12895581,-1.6887685742524052,-0.0009427377477025606
36406,SIDM00882,Navitoclax,Crizotinib,Breast,0.625,Ductal Breast Carcinoma,Female,Other,42.0,0.32548863,0.03056521,-1.0838863900940225,-0.0009427377477025606
70157,SIDM00541,MK-2206,AZD4547,Large Intestine,10.0,Colon Carcinoma,Unknown,Unknown,52.74992395704158,-0.50869226,-0.036386687,0.0716190612418976,-0.0009427377477025606
64519,SIDM00216,SCH772984,Nutlin-3a (-),Large Intestine,10.0,Colon Adenocarcinoma,Female,East Asian,56.0,-1.743881,-0.14274906,-1.0438593170115635,-0.0009427377477025606
1681,SIDM00097,Entinostat,MK-2206,Breast,0.25,Invasive Ductal Carcinoma Not Otherwise Specified,Female,Unknown,54.0,-1.6921015,-0.05499752,-1.578080801957187,-0.0009427377477025606
14979,SIDM00571,5-Fluorouracil,SCH772984,Pancreas,4.0,Pancreatic Adenosquamous Carcinoma,Male,East Asian,75.0,-1.9596076,-0.046324342,-0.9357930507217166,-0.0009427377477025606
85604,SIDM01042,Nutlin-3a (-),Crizotinib,Breast,0.625,Breast Carcinoma,Female,Unknown,52.74992395704158,2.8783345,0.07490134,1.332205292884962,-0.0009427377477025606
92795,SIDM00882,OSI-027,Cisplatin,Breast,4.0,Ductal Breast Carcinoma,Female,Other,42.0,-0.3223998,-0.01639584,0.4120499846299415,-0.0009427377477025606
22040,SIDM00455,Navitoclax,AZD7762,Pancreas,0.0625,Pancreatic Adenocarcinoma,Female,Unknown,44.0,-1.8586583,-0.111889616,0.8643357335490799,-0.0009427377477025606
108366,SIDM00938,Vorinostat,MK-1775,Breast,0.625,Breast Carcinoma,Female,Unknown,58.0,1.5996505,0.103820354,0.12992826776688718,-0.0009427377477025606
75436,SIDM00282,Oxaliplatin,AZD8055,Large Intestine,0.5,Colon Adenocarcinoma,Female,East Asian,55.0,-1.1576785,-0.12202734,-0.9788483059389935,-0.0009427377477025606
41248,SIDM01002,Alisertib,Gemcitabine,Breast,0.01,Breast Carcinoma,Female,White,46.0,-4.75639,-0.203282,-1.4122302239147178,-0.0009427377477025606
95382,SIDM00527,Linsitinib,MK-1775,Large Intestine,1.0,Colon Carcinoma,Unknown,Unknown,52.74992395704158,-1.1874123,-0.06727765,-0.6498192135099423,-0.0009427377477025606
51226,SIDM00582,OSI-027,Cisplatin,Pancreas,8.0,Pancreatic Carcinoma,Female,East Asian,65.0,1.0541375,0.055598192,0.30963745362129896,-0.0009427377477025606
33441,SIDM00241,Tozasertib,Trametinib,Breast,0.1,Breast Carcinoma,Female,East Asian,53.0,-0.35062134,-0.03246965,-0.019310013801407826,-0.0009427377477025606
15668,SIDM00875,Luminespib,5-Fluorouracil,Breast,10.0,Squamous Cell Breast Carcinoma Acantholytic Variant,Female,Black,60.0,-2.1188922,-0.11489951,-0.9444926940352129,-0.0009427377477025606
51925,SIDM01001,Tozasertib,Vorinostat,Breast,2.0,Breast Carcinoma,Female,Unknown,62.0,0.26121902,0.027537586,-1.8340409657597945,-0.0009427377477025606
75956,SIDM00148,Docetaxel,Axitinib,Breast,4.0,Invasive Ductal Carcinoma Not Otherwise Specified,Female,White,69.0,-0.67690414,-0.0568709,-0.46921337479799724,-0.0009427377477025606
64085,SIDM00884,Taselisib,5-Fluorouracil,Breast,2.5,Ductal Breast Carcinoma,Female,White,43.0,1.571237,0.14128637,-0.4128179439019522,-0.0009427377477025606
68821,SIDM01062,Ribociclib,AZD7762,Breast,0.25,Breast Carcinoma,Female,Unknown,50.0,-1.3483173,-0.10360788,-0.7942191328077087,-0.0009427377477025606
7142,SIDM00314,MK-1775,Axitinib,Breast,4.0,Invasive Ductal Carcinoma Not Otherwise Specified,Female,White,63.0,6.2089114,0.079603,2.446539652162561,-0.0009427377477025606
3747,SIDM00660,MK-2206,Trametinib,Large Intestine,0.01,Cecum Adenocarcinoma,Male,White,32.0,-0.8102996,-0.049062494,1.2552575313063399,-0.0009427377477025606
17447,SIDM00505,Sorafenib,Irinotecan,Pancreas,0.5,Pancreatic Ductal Adenocarcinoma,Male,White,65.0,-2.9487073,-0.2397275,-1.172965994775377,-0.0009427377477025606
81444,SIDM00629,GSK269962A,OSI-027,Breast,1.0,Invasive Ductal Carcinoma Not Otherwise Specified,Female,White,43.0,1.4799012,0.0756704,0.8600234133494034,-0.0009427377477025606
61717,SIDM00938,Palbociclib,PD173074,Breast,10.0,Breast Carcinoma,Female,Unknown,58.0,1.5576981,0.12817115,1.1959424201187239,-0.0009427377477025606
57039,SIDM00928,Dabrafenib,Luminespib,Breast,0.0025,Breast Carcinoma,Female,Unknown,35.0,-1.5136685,-0.075845875,-1.6840395350106894,-0.0009427377477025606
107578,SIDM00892,Navitoclax,Gemcitabine,Breast,0.1,Invasive Ductal Carcinoma Not Otherwise Specified,Female,White,23.0,-3.415375,-0.114168026,0.14608378607587325,-0.0009427377477025606
103609,SIDM00630,Vorinostat,Navitoclax,Breast,2.5,Breast Adenocarcinoma,Female,White,38.0,1.303563,0.107937865,-1.4542137635219659,-0.0009427377477025606
83838,SIDM00971,Alisertib,Vorinostat,Breast,2.0,Invasive Ductal Carcinoma Not Otherwise Specified,Female,Black,47.0,0.9859305,0.013335062,-0.23397748532813903,-0.0009427377477025606
96797,SIDM00122,AZD8055,Crizotinib,Breast,0.625,Invasive Ductal Carcinoma Not Otherwise Specified,Female,White,72.0,-0.7627146,-0.023591306,0.5116110460453583,-0.0009427377477025606
82212,SIDM00774,AZD8055,Nutlin-3a (-),Breast,10.0,Ductal Breast Carcinoma,Female,Black,48.0,2.1094093,0.15154034,-0.5891900874477679,-0.0009427377477025606
103206,SIDM00122,Temozolomide,OSI-027,Breast,1.0,Invasive Ductal Carcinoma Not Otherwise Specified,Female,White,72.0,-0.13387732,-0.008807081,-0.02256495097780647,-0.0009427377477025606
65152,SIDM01096,MK-2206,Camptothecin,Large Intestine,0.025,Colon Adenocarcinoma,Male,White,65.0,3.3068986,0.07930713,0.3459315671759429,-0.0009427377477025606
73102,SIDM00664,Paclitaxel,Cisplatin,Pancreas,8.0,Pancreatic Adenocarcinoma,Male,White,46.0,4.083874,0.09208153,2.625615826850662,-0.0009427377477025606
21633,SIDM00453,Dasatinib,Irinotecan,Pancreas,0.5,Pancreatic Adenocarcinoma,Female,Unknown,64.0,-4.3733344,-0.20007192,-0.4216530101570282,-0.0009427377477025606
18096,SIDM00314,Navitoclax,AZD7762,Breast,0.0625,Invasive Ductal Carcinoma Not Otherwise Specified,Female,White,63.0,-0.5901352,-0.03954605,-1.574174668965633,-0.0009427377477025606
37329,SIDM00877,JQ1,Linsitinib,Breast,2.5,Ductal Breast Carcinoma,Female,White,44.0,-6.8047523,-0.044145156,-1.8847752744048636,-0.0009427377477025606
31669,SIDM00950,Sorafenib,Olaparib,Pancreas,2.5,Pancreatic Adenocarcinoma,Female,Unknown,52.74992395704158,-1.8296052,-0.15911171,-0.9066160744237619,-0.0009427377477025606
23374,SIDM00878,OSI-027,Nutlin-3a (-),Breast,2.5,Ductal Breast Carcinoma,Female,Black,70.0,0.44037485,0.051445175,-0.6872671851488112,-0.0009427377477025606
50111,SIDM00971,Nutlin-3a (-),MK-2206,Breast,0.25,Invasive Ductal Carcinoma Not Otherwise Specified,Female,Black,47.0,2.6241636,0.15877733,1.5689262709314133,-0.0009427377477025606
107861,SIDM00528,Ribociclib,5-Fluorouracil,Breast,2.5,Breast Adenocarcinoma,Female,White,40.0,-1.6926174,-0.07272366,-0.5375489959833917,-0.0009427377477025606
49239,SIDM00537,AZD8055,Dabrafenib,Large Intestine,1.0,Colon Adenocarcinoma,Female,White,71.0,1.3295261,0.08997841,-0.6436951562290684,-0.0009427377477025606
90807,SIDM00928,RO-3306,Gemcitabine,Breast,0.01,Breast Carcinoma,Female,Unknown,35.0,-2.268778,-0.23351753,0.12393750316619312,-0.0009427377477025606
95586,SIDM01136,MK-2206,OSI-027,Pancreas,1.0,Pancreatic Ductal Adenocarcinoma,Male,White,85.0,-2.522144,-0.12574293,-0.9954907484319577,-0.0009427377477025606
104385,SIDM00132,Crizotinib,Cisplatin,Pancreas,8.0,Pancreatic Ductal Adenocarcinoma,Female,Unknown,61.0,3.5346043,0.1562596,-0.7869352021953645,-0.0009427377477025606
26086,SIDM01056,KU-55933,Nutlin-3a (-),Breast,2.5,Ductal Breast Carcinoma,Female,White,50.0,-1.0415946,-0.077695645,2.4482468412795333,-0.0009427377477025606
13341,SIDM00628,KU-55933,Taselisib,Breast,0.1,Breast Adenocarcinoma,Female,Black,51.0,2.2801456,0.053206094,1.444571618523425,-0.0009427377477025606
53886,SIDM00783,Trametinib,MK-2206,Large Intestine,10.0,Colon Carcinoma,Male,Unknown,52.74992395704158,1.8849424,0.06851821,1.5487092602597374,-0.0009427377477025606
79035,SIDM00892,RO-3306,5-Fluorouracil,Breast,2.5,Invasive Ductal Carcinoma Not Otherwise Specified,Female,White,23.0,1.9710883,0.08425399,1.0169859981846399,-0.0009427377477025606
105131,SIDM00582,Linsitinib,Paclitaxel,Pancreas,0.025,Pancreatic Carcinoma,Female,East Asian,65.0,-0.6087634,-0.024711141,-0.6346698253036954,-0.0009427377477025606
79461,SIDM00884,Cisplatin,PD173074,Breast,2.5,Ductal Breast Carcinoma,Female,White,43.0,-1.125546,-0.005131991,-1.975787406524149,-0.0009427377477025606
21455,SIDM00898,Axitinib,Bortezomib,Breast,0.0025,Breast Adenocarcinoma,Female,White,43.0,1.3410809,0.041869864,3.158235333442503,-0.0009427377477025606
16317,SIDM00841,Nutlin-3a (-),Taselisib,Large Intestine,0.1,Colon Adenocarcinoma,Male,White,51.0,-3.4399102,-0.09654369,-0.08582814389537907,-0.0009427377477025606
52314,SIDM00670,OSI-027,Navitoclax,Pancreas,1.0,Pancreatic Adenocarcinoma,Female,White,64.0,-4.2346573,-0.109813936,-0.0948024603960539,-0.0009427377477025606
83697,SIDM00630,GSK269962A,MK-1775,Breast,0.625,Breast Adenocarcinoma,Female,White,38.0,-0.72687787,-0.08255656,-0.878195582317367,-0.0009427377477025606
1840,SIDM00629,Pictilisib,MK-1775,Breast,0.625,Invasive Ductal Carcinoma Not Otherwise Specified,Female,White,43.0,2.9248552,0.14668238,0.5013759989989234,-0.0009427377477025606
73860,SIDM00314,Alisertib,MK-1775,Breast,2.5,Invasive Ductal Carcinoma Not Otherwise Specified,Female,White,63.0,0.8820924,0.027509918,1.8630971384415596,-0.0009427377477025606
58741,SIDM00934,MK-2206,Erlotinib,Pancreas,2.5,Pancreatic Ductal Adenocarcinoma,Male,White,40.0,1.3912108,0.14989728,0.09491556022457531,-0.0009427377477025606
49110,SIDM00971,Camptothecin,Lapatinib,Breast,2.5,Invasive Ductal Carcinoma Not Otherwise Specified,Female,Black,47.0,-2.3122022,-0.0629451,-0.42877147836218404,-0.0009427377477025606
22935,SIDM00146,Cisplatin,Palbociclib,Breast,4.0,Breast Adenocarcinoma,Female,White,51.0,3.3482296,0.17060462,-0.5336829371043008,-0.0009427377477025606
77524,SIDM00898,SCH772984,MK-1775,Breast,0.625,Breast Adenocarcinoma,Female,White,43.0,2.6373098,0.18570292,0.07188597094754148,-0.0009427377477025606
78307,SIDM00885,Wee1 Inhibitor,Luminespib,Breast,0.01,Ductal Breast Carcinoma,Female,White,41.0,0.41232806,0.0369378,0.45585206654923455,-0.0009427377477025606
9527,SIDM00132,Gemcitabine,LGK974,Pancreas,10.0,Pancreatic Ductal Adenocarcinoma,Female,Unknown,61.0,0.4905585,0.031971723,1.325047347986573,-0.0009427377477025606
34236,SIDM00541,LGK974,Trametinib,Large Intestine,0.1,Colon Carcinoma,Unknown,Unknown,52.74992395704158,0.3122936,0.007712194,-1.388878217942467,-0.0009427377477025606
9396,SIDM00681,Nutlin-3a (-),Afatinib,Large Intestine,0.25,Cecum Adenocarcinoma,Male,White,54.0,-0.26735756,-0.027766824,-0.7582475825469442,-0.0009427377477025606
35165,SIDM00135,Pictilisib,MK-2206,Breast,1.0,Invasive Ductal Carcinoma Not Otherwise Specified,Female,White,74.0,1.2528436,0.05017722,0.874881859283837,-0.0009427377477025606
41655,SIDM00527,Oxaliplatin,Afatinib,Large Intestine,0.25,Colon Carcinoma,Unknown,Unknown,52.74992395704158,1.1443288,0.060992308,-1.0862682751518555,-0.0009427377477025606
23977,SIDM00892,ZM447439,Olaparib,Breast,2.5,Invasive Ductal Carcinoma Not Otherwise Specified,Female,White,23.0,1.1591117,0.019038837,0.6061596252116069,-0.0009427377477025606
23090,SIDM00892,Entinostat,Olaparib,Breast,2.5,Invasive Ductal Carcinoma Not Otherwise Specified,Female,White,23.0,-0.24401717,-0.013573589,-0.2832541223341747,-0.0009427377477025606
108261,SIDM00957,Dabrafenib,AZD7762,Large Intestine,0.0625,Colon Carcinoma,Male,Unknown,69.0,0.4003511,0.00807958,-0.012126687606512643,-0.0009427377477025606
61012,SIDM00241,PD173074,Docetaxel,Breast,0.001,Breast Carcinoma,Female,East Asian,53.0,1.7085541,0.064649075,-0.6684879175119615,-0.0009427377477025606
5550,SIDM00940,Cisplatin,Trametinib,Breast,0.01,Breast Carcinoma,Female,Unknown,43.0,0.82717353,0.022351183,0.0283473134249623,-0.0009427377477025606
84156,SIDM00777,LGK974,Camptothecin,Large Intestine,0.025,Cecum Adenocarcinoma,Male,White,55.0,-1.0873091,-0.09811248,0.3751703960038846,-0.0009427377477025606
35874,SIDM00193,AZD7762,Dabrafenib,Large Intestine,10.0,Colon Adenocarcinoma,Male,East Asian,53.0,-1.1580757,-0.07886977,-0.36271655934910685,-0.0009427377477025606
91107,SIDM00928,KU-55933,Trametinib,Breast,0.01,Breast Carcinoma,Female,Unknown,35.0,0.67881733,0.04088879,1.1432924588102527,-0.0009427377477025606
37354,SIDM00878,GSK269962A,Palbociclib,Breast,1.0,Ductal Breast Carcinoma,Female,Black,70.0,-0.5121931,-0.051338535,0.1631814298503281,-0.0009427377477025606
57051,SIDM00971,Temozolomide,Taselisib,Breast,1.0,Invasive Ductal Carcinoma Not Otherwise Specified,Female,Black,47.0,-1.3743455,-0.13334881,-1.3703581833151033,-0.0009427377477025606
5837,SIDM00122,Crizotinib,AZD7762,Breast,0.0625,Invasive Ductal Carcinoma Not Otherwise Specified,Female,White,72.0,1.0511671,0.088333234,-0.005957805030993288,-0.0009427377477025606
63893,SIDM00148,Ribociclib,Bortezomib,Breast,0.0025,Invasive Ductal Carcinoma Not Otherwise Specified,Female,White,69.0,0.54886454,0.044250637,0.047435187859535585,-0.0009427377477025606
76864,SIDM00332,Gemcitabine,Pictilisib,Breast,0.125,Breast Carcinoma,Female,Unknown,52.74992395704158,-0.118520334,-0.011444967,-0.09688750746557163,-0.0009427377477025606
97539,SIDM00963,Dabrafenib,Navitoclax,Breast,2.5,Invasive Ductal Carcinoma Not Otherwise Specified,Female,Unknown,60.0,1.8089643,0.0985855,0.5463861906842361,-0.0009427377477025606
56483,SIDM00928,Alisertib,Lapatinib,Breast,2.5,Breast Carcinoma,Female,Unknown,35.0,0.37624368,0.024216468,-0.690439174496015,-0.0009427377477025606
105615,SIDM00772,BI-2536,Axitinib,Breast,1.0,Ductal Breast Carcinoma,Female,White,38.0,-1.6062949,-0.09923952,-1.7388811573873915,-0.0009427377477025606
99734,SIDM00488,Dabrafenib,Trametinib,Large Intestine,0.1,Rectal Adenocarcinoma,Male,Unknown,52.74992395704158,-0.3935341,-0.02039001,0.45335789000938026,-0.0009427377477025606
56355,SIDM00954,Nilotinib,Gemcitabine,Breast,0.01,Breast Carcinoma,Female,Unknown,52.0,2.0960062,0.094193995,0.3464861157383119,-0.0009427377477025606
93363,SIDM00920,Paclitaxel,Docetaxel,Breast,0.001,Breast Adenocarcinoma,Female,White,51.0,-0.8377929,-0.05935584,-0.24127835171362186,-0.0009427377477025606
45603,SIDM00529,Entinostat,Docetaxel,Breast,0.001,Breast Carcinoma,Female,Black,44.0,-0.76246864,-0.057776805,-0.9225661469361521,-0.0009427377477025606
83983,SIDM00933,Trametinib,Luminespib,Breast,0.0025,Breast Carcinoma,Female,Unknown,45.0,-0.11793666,-0.006420665,-1.4062624142851863,-0.0009427377477025606
89915,SIDM00774,PF-4708671,Vorinostat,Breast,0.5,Ductal Breast Carcinoma,Female,Black,48.0,3.139119,0.22405173,0.4393049198311357,-0.0009427377477025606
64827,SIDM00839,AZD8055,Afatinib,Large Intestine,1.0,Colon Adenocarcinoma,Male,White,56.0,2.0342906,0.13309519,1.1042692829706222,-0.0009427377477025606
70726,SIDM00583,Lapatinib,Erlotinib,Pancreas,10.0,Pancreatic Ductal Adenocarcinoma,Male,White,56.0,0.3731756,0.000574551,-3.054352985994,-0.0009427377477025606
51029,SIDM00150,5-Fluorouracil,Linsitinib,Large Intestine,1.0,Colon Carcinoma,Unknown,Unknown,52.74992395704158,1.4127574,0.05284884,1.0433352009865924,-0.0009427377477025606
50318,SIDM00957,Dabrafenib,5-Fluorouracil,Large Intestine,2.5,Colon Carcinoma,Male,Unknown,69.0,-1.5306895,-0.13853651,-0.8786516741845313,-0.0009427377477025606
50461,SIDM01135,SCH772984,Palbociclib,Pancreas,8.0,Pancreatic Ductal Adenocarcinoma,Male,White,52.74992395704158,-1.6527796,-0.060669247,0.7120270733079361,-0.0009427377477025606
87452,SIDM00132,Palbociclib,MK-2206,Pancreas,1.25,Pancreatic Ductal Adenocarcinoma,Female,Unknown,61.0,4.903379,0.31032825,0.7384786471619155,-0.0009427377477025606
96519,SIDM00562,MK-2206,5-Fluorouracil,Breast,10.0,Breast Carcinoma,Female,Unknown,46.0,-2.2336283,-0.09434871,0.4689322491652583,-0.0009427377477025606
94044,SIDM00453,MK-1775,Oxaliplatin,Pancreas,10.0,Pancreatic Adenocarcinoma,Female,Unknown,64.0,1.0981299,0.06528986,1.0105618878731248,-0.0009427377477025606
35019,SIDM00053,Palbociclib,Olaparib,Pancreas,10.0,Pancreatic Ductal Adenocarcinoma,Male,Unknown,52.74992395704158,0.2249632,0.011930887,0.6200129159105237,-0.0009427377477025606
21706,SIDM01233,5-Fluorouracil,Palbociclib,Large Intestine,1.0,Colon Adenocarcinoma,Male,White,72.0,2.5099578,0.19706555,0.6779907083129905,-0.0009427377477025606
35665,SIDM00314,Tozasertib,MK-2206,Breast,1.0,Invasive Ductal Carcinoma Not Otherwise Specified,Female,White,63.0,-1.7977425,-0.22277798,-1.11807253445822,-0.0009427377477025606
32765,SIDM01137,Sorafenib,Paclitaxel,Pancreas,0.025,Pancreatic Ductal Adenocarcinoma,Male,White,70.0,-0.31162506,-0.028508041,-0.75086323834925,-0.0009427377477025606
51370,SIDM00631,MK-1775,Nutlin-3a (-),Breast,10.0,Breast Carcinoma,Female,White,43.0,1.5235388,0.11647057,-0.10252958260571526,-0.0009427377477025606
60216,SIDM00779,5-Fluorouracil,Afatinib,Large Intestine,0.25,Cecum Adenocarcinoma,Male,White,33.0,-1.8786337,-0.069480136,-0.9527573181661197,-0.0009427377477025606
90009,SIDM00892,Dabrafenib,Olaparib,Breast,10.0,Invasive Ductal Carcinoma Not Otherwise Specified,Female,White,23.0,1.0975697,0.0441106,0.0011477214782485748,-0.0009427377477025606
94088,SIDM00772,Lapatinib,Trametinib,Breast,0.01,Ductal Breast Carcinoma,Female,White,38.0,-4.651082,-0.14918852,-2.0937136453388057,-0.0009427377477025606
38795,SIDM00928,NU7441,OSI-027,Breast,0.25,Breast Carcinoma,Female,Unknown,35.0,1.1610414,0.0665306,-0.29630743167230317,-0.0009427377477025606
3867,SIDM00541,Linsitinib,MK-1775,Large Intestine,0.25,Colon Carcinoma,Unknown,Unknown,52.74992395704158,-0.28315634,-0.013132845,-0.06986458450217514,-0.0009427377477025606
25573,SIDM00774,Lapatinib,Crizotinib,Breast,2.5,Ductal Breast Carcinoma,Female,Black,48.0,-0.4089839,-0.024891209,-0.2688535514241298,-0.0009427377477025606
87600,SIDM00146,PF-4708671,5-Fluorouracil,Breast,10.0,Breast Adenocarcinoma,Female,White,51.0,0.84812385,0.05822291,1.8663588693813922,-0.0009427377477025606
81482,SIDM00938,Luminespib,Palbociclib,Breast,4.0,Breast Carcinoma,Female,Unknown,58.0,0.31612584,0.021752506,-0.0014068196702904754,-0.0009427377477025606
107457,SIDM00498,Camptothecin,SCH772984,Large Intestine,0.5,Cecum Adenocarcinoma,Female,East Asian,77.0,-0.4696851,-0.051616456,-0.2259984642043558,-0.0009427377477025606
22925,SIDM01056,Bortezomib,Docetaxel,Breast,0.001,Ductal Breast Carcinoma,Female,White,50.0,-0.8328941,-0.028463444,-1.9609519162138187,-0.0009427377477025606
87616,SIDM00878,BI-2536,Docetaxel,Breast,0.001,Ductal Breast Carcinoma,Female,Black,70.0,-1.3915606,-0.04109282,-1.0784246069210077,-0.0009427377477025606
21906,SIDM00528,PD173074,Linsitinib,Breast,10.0,Breast Adenocarcinoma,Female,White,40.0,-2.1201859,-0.12389753,-0.8214114331418944,-0.0009427377477025606
92770,SIDM00214,SB505124,Vinorelbine,Large Intestine,0.0025,Colon Adenocarcinoma,Male,East Asian,37.0,-0.57641566,-0.053352885,-0.03479836830366251,-0.0009427377477025606
96631,SIDM00455,Dasatinib,Olaparib,Pancreas,2.5,Pancreatic Adenocarcinoma,Female,Unknown,44.0,0.6654747,0.056858145,-0.7050661209468624,-0.0009427377477025606
77697,SIDM00148,AZD8055,Taselisib,Breast,0.1,Invasive Ductal Carcinoma Not Otherwise Specified,Female,White,69.0,-1.0750339,-0.080553934,-1.1751102138150005,-0.0009427377477025606
77078,SIDM00839,Crizotinib,5-Fluorouracil,Large Intestine,2.5,Colon Adenocarcinoma,Male,White,56.0,-1.8590297,-0.11320075,0.4388056182036521,-0.0009427377477025606
4063,SIDM00469,SCH772984,Crizotinib,Pancreas,4.0,Pancreatic Adenocarcinoma,Male,Unknown,52.74992395704158,1.5142893,0.095403165,1.2638494737738277,-0.0009427377477025606
48283,SIDM00148,NU7441,Linsitinib,Breast,2.5,Invasive Ductal Carcinoma Not Otherwise Specified,Female,White,69.0,0.7721839,0.041037317,0.20667370412558997,-0.0009427377477025606
64297,SIDM00963,Venetoclax,OSI-027,Breast,0.25,Invasive Ductal Carcinoma Not Otherwise Specified,Female,Unknown,60.0,-2.5289283,-0.056226175,-0.12634137805698978,-0.0009427377477025606
8036,SIDM00875,Vorinostat,Crizotinib,Breast,2.5,Squamous Cell Breast Carcinoma Acantholytic Variant,Female,Black,60.0,0.7838301,0.023059536,1.8005478997114235,-0.0009427377477025606
85677,SIDM00675,Doramapimod,Docetaxel,Breast,0.00025,Ductal Breast Carcinoma,Female,White,50.0,1.6593767,0.17502417,0.36473287695893875,-0.0009427377477025606
48675,SIDM00533,Dasatinib,SCH772984,Pancreas,4.0,Pancreatic Adenocarcinoma,Male,East Asian,66.0,-1.5632982,-0.16251276,-0.018071691612576747,-0.0009427377477025606
69113,SIDM00359,Taselisib,Navitoclax,Large Intestine,1.0,Rectal Adenocarcinoma,Female,Unknown,52.74992395704158,1.4042637,0.038691368,1.2589377483632265,-0.0009427377477025606
92608,SIDM00629,KU-55933,Temozolomide,Breast,30.0,Invasive Ductal Carcinoma Not Otherwise Specified,Female,White,43.0,-2.9954097,-0.25636372,-0.5527057067712302,-0.0009427377477025606
27778,SIDM01002,Temozolomide,Olaparib,Breast,2.5,Breast Carcinoma,Female,White,46.0,0.8244837,0.056354653,1.0417115486670372,-0.0009427377477025606
43493,SIDM00877,Tozasertib,Pictilisib,Breast,0.125,Ductal Breast Carcinoma,Female,White,44.0,1.4732133,0.081281446,0.367490550350205,-0.0009427377477025606
90528,SIDM01002,MK-2206,Cisplatin,Breast,4.0,Breast Carcinoma,Female,White,46.0,1.0523127,0.07692502,-0.4034345648033077,-0.0009427377477025606
78767,SIDM00537,MK-2206,Crizotinib,Large Intestine,2.5,Colon Adenocarcinoma,Female,White,71.0,0.13317092,0.004915466,1.4766660927663298,-0.0009427377477025606
56373,SIDM01042,OSI-027,AZD7762,Breast,0.25,Breast Carcinoma,Female,Unknown,52.74992395704158,-0.8057194,-0.07249646,1.857129610891247,-0.0009427377477025606
28866,SIDM00774,Lapatinib,Olaparib,Breast,10.0,Ductal Breast Carcinoma,Female,Black,48.0,-1.411493,-0.049267743,0.8961545341184571,-0.0009427377477025606
47184,SIDM00774,Alisertib,Cisplatin,Breast,1.0,Ductal Breast Carcinoma,Female,Black,48.0,-0.568297,-0.046909694,0.6489083928517441,-0.0009427377477025606
11397,SIDM00874,AZD6482,OSI-027,Breast,0.25,Ductal Breast Carcinoma,Female,White,23.0,-0.6894433,-0.05438714,-1.0072400948524487,-0.0009427377477025606
71779,SIDM00453,SCH772984,Crizotinib,Pancreas,4.0,Pancreatic Adenocarcinoma,Female,Unknown,64.0,2.7343667,0.11307406,0.23104009042692003,-0.0009427377477025606
63143,SIDM00053,Navitoclax,Dactolisib,Pancreas,0.05,Pancreatic Ductal Adenocarcinoma,Male,Unknown,52.74992395704158,0.79905874,0.033427566,1.41452154522933,-0.0009427377477025606
62289,SIDM00774,KU-55933,Crizotinib,Breast,0.625,Ductal Breast Carcinoma,Female,Black,48.0,-2.6395,-0.07216558,-0.4349111936970856,-0.0009427377477025606
75580,SIDM00893,5-Fluorouracil,Crizotinib,Breast,0.625,Invasive Ductal Carcinoma Not Otherwise Specified,Female,White,74.0,1.0654503,0.050134465,0.12872757723990108,-0.0009427377477025606
23888,SIDM01138,Linsitinib,Palbociclib,Pancreas,8.0,Pancreatic Adenocarcinoma,Female,White,65.0,2.115852,0.11211514,0.9322296391072673,-0.0009427377477025606
98645,SIDM00841,Trametinib,AZD4547,Large Intestine,10.0,Colon Adenocarcinoma,Male,White,51.0,-1.5487138,-0.13632552,0.5029744908256983,-0.0009427377477025606
78600,SIDM00675,Docetaxel,Palbociclib,Breast,4.0,Ductal Breast Carcinoma,Female,White,50.0,6.950315,0.28895885,0.5832351053615578,-0.0009427377477025606
4041,SIDM00631,Paclitaxel,Bortezomib,Breast,0.0025,Breast Carcinoma,Female,White,43.0,-0.59122986,-0.017907424,1.5491902631348289,-0.0009427377477025606
18816,SIDM00136,AZD8055,MK-1775,Large Intestine,1.0,Colon Adenocarcinoma,Female,White,44.0,1.8236082,0.12132723,0.47855914970049884,-0.0009427377477025606
13467,SIDM00629,MK-1775,MK-2206,Breast,0.25,Invasive Ductal Carcinoma Not Otherwise Specified,Female,White,43.0,1.0684407,0.060217794,0.45380022642534246,-0.0009427377477025606
42540,SIDM00132,Dasatinib,Taselisib,Pancreas,2.0,Pancreatic Ductal Adenocarcinoma,Female,Unknown,61.0,1.9134897,0.055463366,1.884372081981606,-0.0009427377477025606
